0.182496 0.00452313 0.983196
0.175167 0.0198784 0.984338
0.188279 0.0261633 0.981767
0.112378 0.0271156 0.993296
0.100982 0.0297098 0.994445
0.129325 0.0477463 0.990452
0.110617 0.047979 0.992704
0.170698 0.092675 0.980955
0.135702 0.0827753 0.987286
0.0619167 0.0426897 0.997168
0.0204249 0.0153212 0.999674
0.0545914 0.0500151 0.997255
0.0562816 0.0555853 0.996866
0.0489316 0.052826 0.997404
0.124665 0.154973 0.980022
0.0777695 0.11985 0.989741
0.0811572 0.1333 0.987747
0.0720514 0.141944 0.987249
0.0518206 0.130232 0.990128
0.0348496 0.102235 0.99415
0.0380266 0.139688 0.989465
0.0245062 0.123873 0.991995
0.0176022 0.104836 0.994334
0.0121496 0.178607 0.983846
0.000168121 0.0528038 0.998605
-0.000782229 0.144667 0.98948
-0.00913787 0.0871222 0.996156
-0.0276252 0.18582 0.982195
-0.00955305 0.0497388 0.998717
-0.0340906 0.130622 0.990846
-0.035729 0.09073 0.995234
-0.078913 0.171859 0.981956
-0.0470547 0.0917826 0.994667
-0.0639573 0.104218 0.992496
-0.0815147 0.117268 0.989749
-0.0857744 0.117448 0.989368
-0.0899599 0.0966235 0.991247
-0.137677 0.133906 0.981384
-0.0809232 0.0692159 0.994314
-0.125116 0.0989007 0.9872
-0.134739 0.095763 0.986243
-0.115529 0.064651 0.991198
-0.16071 0.0840556 0.983416
-0.0886411 0.0357843 0.995421
-0.11165 0.0387235 0.992993
-0.187231 0.0532667 0.980871
-0.158477 0.031692 0.986854
-0.131183 0.0172093 0.991209
-0.125643 0.009374 0.992031
-0.164865 0.000922233 0.986316
-0.138575 -0.00187928 0.99035
-0.192623 -0.0233524 0.980995
-0.0755415 -0.0138261 0.997047
-0.155924 -0.0341539 0.987178
-0.151297 -0.0417077 0.987608
-0.166886 -0.0578116 0.98428
-0.123342 -0.0508732 0.991059
-0.0776425 -0.0381955 0.996249
-0.128452 -0.0750596 0.988871
-0.0668617 -0.0479822 0.996608
-0.0516443 -0.0381505 0.997937
-0.103802 -0.0945771 0.990091
-0.135778 -0.14341 0.980305
-0.109952 -0.122886 0.986311
-0.106865 -0.135447 0.985005
-0.0623795 -0.0885471 0.994117
-0.0797038 -0.129962 0.98831
-0.0344003 -0.0700209 0.996952
-0.0269154 -0.0654848 0.997491
-0.0262456 -0.0765798 0.996718
-0.0137391 -0.0528224 0.998509
-0.00993614 -0.0447363 0.998949
-0.0144732 -0.0826228 0.996476
-0.0141531 -0.177361 0.984044
-0.000330801 -0.161524 0.986869
0.00760712 -0.159239 0.987211
0.00435469 -0.0609652 0.99813
0.0187338 -0.142651 0.989596
0.010572 -0.0517932 0.998602
0.0404216 -0.129374 0.990772
0.0534245 -0.141234 0.988534
0.0171941 -0.0422 0.998961
0.0870333 -0.178955 0.98
0.0917843 -0.163881 0.982201
0.107081 -0.167473 0.980044
0.109887 -0.149811 0.982589
0.00878635 -0.00944762 0.999917
0.106457 -0.110822 0.988122
0.0601792 -0.0537874 0.996737
0.152623 -0.113551 0.981739
0.099168 -0.0669175 0.992818
0.130429 -0.0776609 0.988411
0.145302 -0.0787001 0.986252
0.134289 -0.0555523 0.989384
0.10475 -0.0340918 0.993914
0.146425 -0.0387982 0.988461
0.168453 -0.0362238 0.985044
0.037258 -0.00530785 0.999292
0.181387 -0.012266 0.983335
0.18607 -0.00197543 0.982535
0.278282 0.013015 0.960411
0.271167 0.0339724 0.961933
0.252909 0.0400122 0.966662
0.208334 0.0511256 0.976721
0.263385 0.0689857 0.962221
0.241029 0.0824897 0.967006
0.234066 0.0965939 0.96741
0.231739 0.114738 0.965988
0.199056 0.113232 0.973424
0.169542 0.117305 0.978517
0.172452 0.13641 0.975527
0.178135 0.16668 0.969786
0.158514 0.159435 0.974399
0.176614 0.190777 0.965615
0.14649 0.191138 0.97057
0.155925 0.227921 0.961114
0.112556 0.200177 0.973273
0.114527 0.208425 0.97131
0.0901842 0.211993 0.973101
0.0950916 0.250884 0.963335
0.0718817 0.246433 0.96649
0.0556024 0.235175 0.970361
0.0456886 0.255389 0.965758
0.031019 0.250716 0.967564
0.00451035 0.236092 0.97172
-0.0102772 0.256381 0.966521
-0.0171453 0.229923 0.973058
-0.0413515 0.248231 0.967818
-0.0541496 0.255145 0.965385
-0.0682569 0.252481 0.965191
-0.095982 0.257193 0.961582
-0.0976971 0.235558 0.966937
-0.105828 0.221718 0.969351
-0.118101 0.189305 0.97479
-0.139255 0.216601 0.966278
-0.127056 0.166775 0.977774
-0.165854 0.185918 0.968466
-0.178622 0.183427 0.966669
-0.195793 0.177297 0.964485
-0.178239 0.143908 0.973407
-0.225692 0.163898 0.960313
-0.229119 0.138796 0.963452
-0.192696 0.099154 0.976236
-0.257163 0.103336 0.960827
-0.24887 0.0860978 0.964703
-0.202888 0.0563848 0.977577
-0.228857 0.0470301 0.972323
-0.273702 0.0360405 0.961139
-0.268631 0.030451 0.962762
-0.265335 0.00753683 0.964127
-0.225949 -0.012861 0.974054
-0.271833 -0.0321558 0.961807
-0.239781 -0.0391553 0.970037
-0.209885 -0.043794 0.976745
-0.259835 -0.0753545 0.962708
-0.224149 -0.086295 0.970727
-0.224062 -0.0934876 0.97008
-0.191317 -0.100286 0.976392
-0.227253 -0.127532 0.965449
-0.207821 -0.141091 0.967938
-0.209936 -0.167633 0.963237
-0.164348 -0.139867 0.976436
-0.175858 -0.167681 0.970029
-0.141693 -0.157906 0.977235
-0.1352 -0.184422 0.973504
-0.152071 -0.227501 0.96183
-0.13206 -0.233846 0.963263
-0.112462 -0.215174 0.970079
-0.0909831 -0.216142 0.972113
-0.0888147 -0.23544 0.967822
-0.0650038 -0.203208 0.976975
-0.0437744 -0.204712 0.977843
-0.0393292 -0.22859 0.972728
-0.0274272 -0.227583 0.973372
-0.000976395 -0.237228 0.971453
0.00416431 -0.249645 0.968329
0.0282183 -0.253876 0.966825
0.0327151 -0.239879 0.970251
0.0613954 -0.264828 0.962339
0.0638958 -0.236018 0.969646
0.0828081 -0.233398 0.968849
0.104826 -0.246718 0.963401
0.0984871 -0.19863 0.975113
0.13467 -0.223253 0.965413
0.154445 -0.232303 0.960303
0.162275 -0.219383 0.962049
0.150412 -0.181691 0.971784
0.190361 -0.183908 0.964334
0.16586 -0.153519 0.974126
0.216106 -0.162873 0.962689
0.168175 -0.11508 0.979017
0.242043 -0.138908 0.960271
0.194739 -0.0996271 0.975782
0.245507 -0.113762 0.962696
0.195708 -0.0720903 0.978009
0.218312 -0.061095 0.973965
0.258726 -0.0641522 0.963818
0.200519 -0.0375539 0.97897
0.239002 -0.0183436 0.970846
0.257791 -0.00903282 0.966158
0.287844 0.0106689 0.957618
0.315531 0.0304247 0.948427
0.31448 0.0470156 0.948099
0.291166 0.0725927 0.953914
0.300215 0.080506 0.950468
0.299824 0.108492 0.947805
0.292355 0.128617 0.947621
0.260501 0.139605 0.955327
0.248682 0.138732 0.958598
0.282549 0.183565 0.941525
0.249098 0.186429 0.950365
0.251501 0.215921 0.943465
0.209392 0.21959 0.952856
0.195588 0.230905 0.953115
0.204539 0.248397 0.946817
0.162666 0.248596 0.954851
0.156949 0.278653 0.947481
0.141014 0.265161 0.953837
0.114554 0.269936 0.95604
0.0943867 0.271478 0.957805
0.087404 0.317104 0.944355
0.0657774 0.285921 0.955993
0.0482872 0.2969 0.953687
0.0299079 0.293861 0.95538
0.0166816 0.313798 0.949343
-0.000289105 0.315601 0.948892
-0.0264424 0.303716 0.952396
-0.0513707 0.295722 0.953892
-0.0675743 0.289496 0.954791
-0.0959519 0.300467 0.948954
-0.115431 0.302042 0.94628
-0.125169 0.29889 0.946043
-0.136781 0.29039 0.947082
-0.165772 0.266967 0.949341
-0.181872 0.262522 0.947631
-0.190521 0.248808 0.94963
-0.203977 0.22505 0.952757
-0.235976 0.230761 0.943962
-0.212013 0.198271 0.956942
-0.226677 0.17163 0.958729
-0.243192 0.162629 0.956248
-0.27974 0.163832 0.945994
-0.245482 0.13484 0.959977
-0.273638 0.123313 0.953895
-0.304911 0.102097 0.946893
-0.27971 0.0842956 0.956377
-0.316078 0.062789 0.946653
-0.316859 0.0540045 0.946934
-0.332599 0.038068 0.9423
-0.290417 0.00906351 0.956857
-0.331299 -0.014073 0.943421
-0.334907 -0.0251112 0.941917
-0.301348 -0.0517369 0.95211
-0.325604 -0.0738 0.942622
-0.31088 -0.099555 0.945221
-0.275263 -0.107518 0.955338
-0.285908 -0.13308 0.948971
-0.277444 -0.142521 0.950112
-0.287471 -0.177398 0.941217
-0.272451 -0.187532 0.943717
-0.247902 -0.204959 0.946856
-0.255698 -0.220466 0.941283
-0.234965 -0.237612 0.942514
-0.208013 -0.243841 0.947245
-0.196517 -0.26328 0.944492
-0.165562 -0.247088 0.954744
-0.16359 -0.263855 0.950589
-0.142898 -0.297109 0.94409
-0.12951 -0.307971 0.94254
-0.101916 -0.289455 0.95175
-0.0859449 -0.306255 0.948062
-0.0753911 -0.305419 0.949229
-0.0587581 -0.311525 0.94842
-0.0301436 -0.322815 0.945982
-0.0101087 -0.331651 0.943348
0.00885005 -0.287476 0.957747
0.0205973 -0.3122 0.949793
0.0493742 -0.32706 0.943713
0.0689747 -0.312995 0.947247
0.0793006 -0.278625 0.95712
0.0987714 -0.279474 0.955059
0.115193 -0.256516 0.959651
0.149299 -0.279301 0.948526
0.160572 -0.273598 0.948346
0.182648 -0.251554 0.950453
0.167999 -0.228976 0.958826
0.213542 -0.239251 0.947185
0.204778 -0.212118 0.955548
0.245632 -0.205201 0.947395
0.257417 -0.200637 0.945241
0.2589 -0.167733 0.951229
0.296153 -0.164051 0.940947
0.301501 -0.147304 0.942018
0.277378 -0.119273 0.953329
0.277053 -0.100187 0.955617
0.324759 -0.0951002 0.941004
0.328673 -0.0633983 0.942314
0.288586 -0.0464878 0.956325
0.327825 -0.0254595 0.944396
0.335516 -0.0156623 0.941904
0.379835 0.0230229 0.924768
0.357541 0.0315862 0.933363
0.365857 0.0592298 0.928784
0.366197 0.0744217 0.927557
0.352777 0.0991371 0.930441
0.349621 0.136308 0.926922
0.322626 0.142185 0.935786
0.347706 0.166557 0.922691
0.31423 0.177902 0.932529
0.308831 0.212521 0.92707
0.29599 0.232477 0.926469
0.257466 0.228743 0.938823
0.266374 0.257895 0.928728
0.228818 0.254466 0.939622
0.202154 0.275454 0.939819
0.204189 0.31173 0.927971
0.187655 0.337978 0.922256
0.160173 0.311833 0.936539
0.139457 0.339404 0.930246
0.1165 0.355937 0.92722
0.1019 0.334436 0.936893
0.0874485 0.376314 0.922356
0.0546086 0.383292 0.922011
0.0396733 0.364178 0.930484
0.0214631 0.388812 0.921067
-0.015093 0.385256 0.922686
-0.0456502 0.375674 0.925627
-0.0501828 0.347547 0.936319
-0.0700124 0.34318 0.936657
-0.0969842 0.361081 0.927477
-0.112283 0.329468 0.937467
-0.143669 0.361946 0.921062
-0.151367 0.315475 0.936784
-0.189046 0.312956 0.930763
-0.209926 0.326203 0.921696
-0.22075 0.301021 0.927715
-0.239424 0.271696 0.932125
-0.254254 0.260949 0.931268
-0.271772 0.227361 0.935119
-0.288588 0.232973 0.928677
-0.282928 0.194054 0.939306
-0.332782 0.189722 0.923722
-0.325906 0.15341 0.932872
-0.315114 0.135809 0.939287
-0.332433 0.115879 0.935981
-0.361361 0.109243 0.926004
-0.378131 0.0808699 0.922213
-0.353278 0.066238 0.93317
-0.379703 0.0286034 0.924666
-0.377385 0.00754321 0.926026
-0.387314 -0.00761658 0.921916
-0.378825 -0.0309624 0.92495
-0.379229 -0.0524917 0.923813
-0.365309 -0.0709585 0.928178
-0.334953 -0.0895385 0.937971
-0.336047 -0.112376 0.935117
-0.34541 -0.138217 0.928218
-0.339497 -0.185129 0.922209
-0.29152 -0.183088 0.93888
-0.305809 -0.20107 0.930619
-0.298564 -0.221796 0.92826
-0.279265 -0.245469 0.928308
-0.263574 -0.278078 0.923689
-0.242524 -0.277972 0.92947
-0.237403 -0.295385 0.925412
-0.197287 -0.295606 0.934717
-0.197654 -0.312174 0.929236
-0.17977 -0.344617 0.92137
-0.139457 -0.323527 0.935886
-0.126919 -0.339565 0.93198
-0.101749 -0.362528 0.926402
-0.0847088 -0.354705 0.931133
-0.0629955 -0.372389 0.925936
-0.0274746 -0.3517 0.93571
-0.00705901 -0.355005 0.934838
0.0181553 -0.341582 0.939676
0.0386491 -0.38297 0.922952
0.0597976 -0.35337 0.93357
0.0883285 -0.358184 0.929463
0.0937188 -0.342052 0.934996
0.11722 -0.324671 0.938535
0.156059 -0.353816 0.922204
0.174185 -0.325444 0.929379
0.20349 -0.332687 0.920821
0.19948 -0.299155 0.933121
0.202371 -0.277663 0.939122
0.225602 -0.256309 0.939898
0.255648 -0.249043 0.934142
0.287684 -0.25339 0.923597
0.283081 -0.23185 0.930651
0.290532 -0.197882 0.93618
0.32842 -0.207168 0.921532
0.305545 -0.161904 0.938312
0.348026 -0.147725 0.925773
0.329043 -0.107792 0.938143
0.367986 -0.115334 0.922651
0.358762 -0.074125 0.930481
0.374581 -0.0712849 0.92445
0.370343 -0.0294636 0.928428
0.379657 -0.00184702 0.925125
0.395929 0.0196101 0.918072
0.432633 0.0299896 0.901071
0.400583 0.0567372 0.914502
0.419878 0.0826976 0.903805
0.410007 0.112919 0.905065
0.372444 0.145777 0.916534
0.395007 0.159177 0.904783
0.383309 0.205899 0.900378
0.348287 0.211703 0.913169
0.342284 0.23056 0.91087
0.335731 0.254523 0.906919
0.320647 0.269703 0.90799
0.281947 0.277657 0.918375
0.260377 0.30139 0.917261
0.2359 0.319622 0.917711
0.241313 0.341565 0.908351
0.214115 0.363553 0.906633
0.174292 0.366985 0.913753
0.178497 0.387005 0.904636
0.133017 0.370559 0.919235
0.12155 0.391735 0.912014
0.0985644 0.400575 0.910947
0.0651946 0.400818 0.913835
0.0332307 0.390763 0.919891
0.0134455 0.397565 0.917476
-0.0193985 0.395372 0.918316
-0.0451075 0.424547 0.904281
-0.0774343 0.425169 0.901795
-0.0751366 0.387633 0.918747
-0.10788 0.401556 0.909459
-0.136603 0.410781 0.901443
-0.164963 0.374974 0.91224
-0.195665 0.372352 0.907232
-0.209825 0.359594 0.909212
-0.242568 0.353207 0.903551
-0.259148 0.346433 0.901569
-0.27989 0.322578 0.904215
-0.282065 0.296706 0.912362
-0.318938 0.28522 0.903841
-0.343035 0.251403 0.905054
-0.360274 0.234025 0.903015
-0.366684 0.212673 0.905711
-0.371515 0.185645 0.909677
-0.381416 0.162816 0.909952
-0.392718 0.154647 0.906563
-0.409499 0.116193 0.904881
-0.386745 0.0955795 0.91722
-0.397087 0.0558163 0.916082
-0.428045 0.0340854 0.903114
-0.40036 0.00838533 0.916319
-0.40629 -0.00269519 0.91374
-0.430219 -0.0298427 0.902231
-0.409517 -0.0588165 0.910404
-0.392637 -0.0822825 0.916006
-0.401263 -0.128903 0.906847
-0.378342 -0.136397 0.915562
-0.386741 -0.180101 0.904431
-0.357393 -0.176329 0.917158
-0.357223 -0.215663 0.90878
-0.360173 -0.236034 0.902532
-0.33146 -0.261449 0.90652
-0.316087 -0.289913 0.903349
-0.310311 -0.292447 0.904534
-0.274468 -0.315998 0.908192
-0.255254 -0.341055 0.904725
-0.236473 -0.328801 0.914314
-0.226926 -0.366305 0.9024
-0.184829 -0.354982 0.91642
-0.166542 -0.376947 0.911139
-0.15251 -0.392431 0.90705
-0.104414 -0.393245 0.913486
-0.101615 -0.4068 0.907848
-0.0602818 -0.423508 0.903884
-0.0420132 -0.407978 0.912024
-0.0187396 -0.409505 0.912115
0.00179619 -0.418951 0.908007
0.0388043 -0.430054 0.901969
0.0720876 -0.424879 0.902375
0.0893481 -0.403093 0.910787
0.106338 -0.391177 0.914151
0.138432 -0.378771 0.915079
0.152357 -0.376077 0.913977
0.192649 -0.379264 0.905011
0.203813 -0.360341 0.910283
0.233447 -0.361128 0.902823
0.242079 -0.325195 0.914137
0.26659 -0.287461 0.919943
0.292026 -0.280915 0.914225
0.31917 -0.274771 0.90699
0.308962 -0.254136 0.916492
0.363301 -0.237826 0.900806
0.34637 -0.19437 0.917741
0.363234 -0.171087 0.915855
0.383683 -0.16125 0.909278
0.391488 -0.131882 0.910683
0.415851 -0.114835 0.902154
0.398742 -0.097228 0.911895
0.422296 -0.0763106 0.90324
0.419809 -0.0443766 0.906527
0.407658 -0.0119776 0.913056
0.45392 0.0182735 0.890855
0.462385 0.042538 0.885658
0.453934 0.0575145 0.889177
0.437861 0.0890032 0.894626
0.445482 0.127729 0.886133
0.417709 0.154939 0.895273
0.409896 0.172789 0.895617
0.407717 0.205373 0.889713
0.393473 0.217941 0.89313
0.358847 0.254206 0.898114
0.362749 0.29958 0.88242
0.346706 0.297409 0.889575
0.316186 0.310642 0.896397
0.292315 0.346812 0.89122
0.277175 0.370916 0.886338
0.262151 0.367592 0.892274
0.240283 0.384119 0.891469
0.196643 0.415695 0.887992
0.165474 0.4081 0.897815
0.14192 0.419028 0.896814
0.127974 0.429951 0.893736
0.0981855 0.443488 0.890886
0.0591993 0.461621 0.8851
0.0567244 0.470032 0.880825
0.0259692 0.435963 0.89959
-0.0266157 0.470418 0.882042
-0.0389614 0.435788 0.899206
-0.061644 0.439094 0.896324
-0.105311 0.454631 0.884432
-0.121434 0.421785 0.898527
-0.15217 0.426029 0.89182
-0.191511 0.418144 0.887963
-0.200442 0.412281 0.888733
-0.242382 0.399886 0.883935
-0.257098 0.355621 0.898574
-0.27625 0.361526 0.890497
-0.306879 0.329652 0.892835
-0.325248 0.341883 0.881663
-0.360771 0.303236 0.881982
-0.357686 0.262583 0.896165
-0.383674 0.275467 0.881426
-0.409906 0.226409 0.883581
-0.399927 0.219707 0.889824
-0.404705 0.181594 0.896235
-0.431272 0.162596 0.88745
-0.443084 0.142844 0.885026
-0.452359 0.105585 0.885564
-0.463377 0.079818 0.882559
-0.456428 0.0380793 0.888945
-0.473271 0.0111812 0.880846
-0.46113 -0.012545 0.887244
-0.432817 -0.0545682 0.899829
-0.44301 -0.0823592 0.892725
-0.430743 -0.0896154 0.898014
-0.450636 -0.12453 0.88398
-0.415059 -0.156233 0.896279
-0.419511 -0.166308 0.892386
-0.407807 -0.220521 0.886038
-0.370101 -0.231183 0.899766
-0.364297 -0.252262 0.896466
-0.341852 -0.280115 0.897035
-0.339909 -0.314013 0.886486
-0.3152 -0.317096 0.894482
-0.285548 -0.337698 0.896896
-0.281201 -0.344867 0.89554
-0.246668 -0.381273 0.890946
-0.233969 -0.393431 0.889084
-0.202371 -0.42379 0.882863
-0.167369 -0.419342 0.892267
-0.158214 -0.413794 0.896517
-0.128175 -0.427136 0.895057
-0.0992381 -0.461347 0.881652
-0.0672782 -0.445686 0.892658
-0.0464342 -0.454272 0.889652
-0.00876477 -0.455948 0.889963
0.0178292 -0.436268 0.89964
0.048923 -0.457989 0.887611
0.0826337 -0.449208 0.889598
0.102017 -0.43389 0.895172
0.128621 -0.446442 0.88552
0.149245 -0.442554 0.884235
0.174039 -0.413974 0.893496
0.201174 -0.415127 0.887242
0.215372 -0.390331 0.895129
0.246294 -0.366475 0.897238
0.269928 -0.353217 0.895755
0.300372 -0.357123 0.884443
0.301644 -0.315412 0.899737
0.349697 -0.307108 0.885097
0.356514 -0.285732 0.889525
0.368745 -0.249187 0.895507
0.410619 -0.231006 0.882059
0.395869 -0.204307 0.895291
0.426661 -0.18537 0.885211
0.413352 -0.149889 0.89815
0.457042 -0.121007 0.881175
0.448752 -0.107246 0.887198
0.438161 -0.0756771 0.895705
0.451813 -0.0439045 0.891032
0.448019 -0.0116416 0.893948
0.505824 0.0163686 0.862481
0.506596 0.05283 0.860564
0.489382 0.092876 0.86711
0.492072 0.106415 0.864026
0.475507 0.132414 0.869689
0.465813 0.175688 0.867267
0.463672 0.201816 0.862716
0.447477 0.213998 0.868314
0.440644 0.254052 0.860982
0.417842 0.266771 0.86847
0.397146 0.308767 0.864256
0.382382 0.334023 0.861518
0.363615 0.347476 0.864317
0.337064 0.369615 0.865894
0.316268 0.382688 0.868058
0.284078 0.41649 0.863618
0.24358 0.429604 0.869545
0.22664 0.422719 0.877464
0.187228 0.466494 0.864482
0.173783 0.46355 0.868862
0.14397 0.462143 0.875041
0.115159 0.462007 0.879368
0.0747665 0.495377 0.865454
0.0400471 0.481075 0.875764
0.00676146 0.508209 0.861207
-0.0228626 0.500267 0.865569
-0.0501769 0.483545 0.87388
-0.0629398 0.476503 0.876917
-0.120774 0.488243 0.86431
-0.132316 0.468412 0.873546
-0.160579 0.479628 0.862654
-0.197495 0.465174 0.862907
-0.244221 0.445466 0.861346
-0.257574 0.422786 0.868854
-0.274807 0.426236 0.861861
-0.282911 0.381527 0.879999
-0.310663 0.37401 0.873845
-0.332604 0.352629 0.874658
-0.373285 0.329977 0.867049
-0.397148 0.304589 0.865736
-0.3998 0.274107 0.874657
-0.419825 0.245687 0.873719
-0.425413 0.217831 0.878392
-0.462168 0.18754 0.866735
-0.462954 0.150875 0.873447
-0.462104 0.143913 0.87507
-0.465356 0.116336 0.877445
-0.487603 0.0910969 0.8683
-0.474768 0.0556696 0.878348
-0.502429 0.000330165 0.864619
-0.483792 -0.0233976 0.87487
-0.47797 -0.0471291 0.877111
-0.497749 -0.0760026 0.863985
-0.48493 -0.106743 0.868014
-0.488099 -0.135591 0.862192
-0.451497 -0.151658 0.87929
-0.462278 -0.194879 0.865055
-0.441711 -0.236639 0.865386
-0.435601 -0.25371 0.863645
-0.419518 -0.271641 0.86615
-0.37781 -0.310119 0.872403
-0.36543 -0.322481 0.873194
-0.327783 -0.345787 0.879198
-0.336363 -0.363768 0.868638
-0.29649 -0.374262 0.878648
-0.273662 -0.39326 0.877756
-0.250048 -0.408426 0.877875
-0.218335 -0.457038 0.862233
-0.198509 -0.457752 0.866636
-0.163582 -0.459673 0.872893
-0.143782 -0.48253 0.863997
-0.107749 -0.488871 0.865676
-0.0800956 -0.495004 0.865191
-0.0442035 -0.48661 0.872501
-0.0295661 -0.504023 0.863184
0.00693492 -0.50012 0.865929
0.0311466 -0.47419 0.879871
0.0642472 -0.496886 0.865434
0.104723 -0.498371 0.860616
0.120745 -0.465794 0.876616
0.162153 -0.47058 0.86733
0.200579 -0.444994 0.872782
0.217482 -0.443988 0.869239
0.245647 -0.433427 0.867063
0.268679 -0.423241 0.865262
0.308777 -0.396167 0.864702
0.323118 -0.367383 0.872138
0.330186 -0.345752 0.878312
0.380092 -0.336825 0.86144
0.400003 -0.299592 0.866165
0.40674 -0.280349 0.869463
0.439468 -0.258663 0.86021
0.440404 -0.216858 0.871216
0.453934 -0.199544 0.868405
0.449851 -0.154052 0.879717
0.472865 -0.132635 0.871095
0.466541 -0.0949008 0.879394
0.483362 -0.0744297 0.872251
0.473388 -0.0587663 0.878892
0.502578 -0.00655875 0.864507
0.511229 0.0173389 0.85927
0.519134 0.0467571 0.853413
0.505126 0.0771998 0.859586
0.512623 0.12986 0.848737
0.519502 0.142292 0.842538
0.503311 0.177636 0.84565
0.485091 0.217451 0.846996
0.487769 0.232883 0.841336
0.451111 0.267281 0.851505
0.436767 0.294383 0.850043
0.401092 0.329403 0.854762
0.389356 0.334332 0.858268
0.378735 0.377503 0.845015
0.348155 0.410483 0.842788
0.319484 0.419183 0.849833
0.29661 0.439107 0.848061
0.250745 0.451142 0.856503
0.25516 0.47795 0.84051
0.206013 0.479176 0.853199
0.1832 0.481447 0.857115
0.13783 0.518089 0.844149
0.117566 0.51722 0.847739
0.0812353 0.52272 0.848625
0.0333564 0.526766 0.849356
0.0312006 0.511332 0.858817
-0.0105814 0.52449 0.851351
-0.051629 0.539288 0.840537
-0.0902876 0.522679 0.847735
-0.117445 0.529505 0.840138
-0.147258 0.506689 0.84946
-0.162623 0.487547 0.857818
-0.196885 0.472473 0.859073
-0.218599 0.462971 0.858995
-0.264688 0.454688 0.850411
-0.300544 0.434927 0.84883
-0.320972 0.421887 0.847932
-0.340969 0.400931 0.850291
-0.368349 0.389584 0.844122
-0.397544 0.358277 0.844746
-0.410742 0.305504 0.859045
-0.431463 0.294008 0.852877
-0.440513 0.266937 0.857142
-0.487329 0.238507 0.840015
-0.475985 0.18872 0.858966
-0.488207 0.173043 0.8554
-0.504164 0.152018 0.850123
-0.520717 0.115014 0.845947
-0.52545 0.0746838 0.84754
-0.524994 0.0628918 0.848779
-0.514303 0.0284794 0.857136
-0.533424 -0.0250426 0.845477
-0.524312 -0.0399918 0.850587
-0.53597 -0.0767799 0.840738
-0.504989 -0.120424 0.854684
-0.510361 -0.141812 0.848187
-0.491863 -0.192843 0.849048
-0.489467 -0.218804 0.844125
-0.458447 -0.244323 0.854478
-0.454804 -0.262371 0.851067
-0.439847 -0.30611 0.844293
-0.43098 -0.324826 0.84187
-0.380847 -0.340434 0.859686
-0.37636 -0.382977 0.843613
-0.348341 -0.389182 0.852758
-0.327448 -0.422437 0.845177
-0.296991 -0.435082 0.85
-0.250719 -0.454073 0.854961
-0.250211 -0.470068 0.846422
-0.192413 -0.48109 0.855295
-0.172717 -0.512425 0.841183
-0.14513 -0.498191 0.854835
-0.131474 -0.519092 0.844546
-0.0951846 -0.507428 0.856421
-0.046381 -0.535753 0.8431
-0.0121409 -0.522639 0.852467
0.00925652 -0.520264 0.853956
0.0446464 -0.537925 0.841809
0.0920064 -0.53133 0.842154
0.109904 -0.529965 0.840868
0.149512 -0.491734 0.857813
0.184705 -0.502185 0.844805
0.190238 -0.479453 0.8567
0.250458 -0.466358 0.848399
0.272392 -0.440437 0.855464
0.291945 -0.449496 0.844228
0.313561 -0.428919 0.847176
0.349514 -0.400796 0.846878
0.370743 -0.355453 0.858023
0.40378 -0.336442 0.850746
0.422008 -0.313163 0.850787
0.442519 -0.290169 0.848516
0.442498 -0.262303 0.85755
0.449782 -0.246725 0.858384
0.468669 -0.219195 0.855747
0.486566 -0.181347 0.854615
0.508446 -0.16418 0.845297
0.530236 -0.104599 0.841373
0.505423 -0.0796805 0.859185
0.531415 -0.0580751 0.845119
0.520923 -0.0153011 0.853466
0.554803 0.0337809 0.831296
0.558806 0.0383771 0.82841
0.546399 0.0928291 0.832365
0.553692 0.136411 0.821473
0.540191 0.15279 0.827556
0.533443 0.180634 0.826323
0.497919 0.226944 0.837002
0.505969 0.247111 0.826397
0.480942 0.300691 0.823577
0.463371 0.297768 0.834638
0.44423 0.32289 0.835704
0.41769 0.352052 0.837612
0.411266 0.394066 0.821932
0.368013 0.425307 0.82685
0.327023 0.44917 0.831446
0.297674 0.460248 0.836398
0.282602 0.496148 0.820959
0.264549 0.506075 0.820915
0.208517 0.515324 0.831241
0.19983 0.51034 0.836434
0.14159 0.532274 0.834648
0.12286 0.536563 0.834868
0.0727487 0.558023 0.826631
0.0532686 0.559618 0.827037
0.00298598 0.567441 0.823409
-0.00156143 0.560134 0.828401
-0.0607503 0.566803 0.82161
-0.0967656 0.539836 0.83619
-0.136072 0.551786 0.82281
-0.1482 0.536797 0.830594
-0.197281 0.532134 0.823356
-0.226257 0.498239 0.836998
-0.239627 0.500688 0.8318
-0.288264 0.463969 0.837637
-0.315397 0.477106 0.820301
-0.342145 0.455543 0.821838
-0.353314 0.418196 0.836828
-0.406046 0.389692 0.8266
-0.405197 0.36554 0.837971
-0.445383 0.326548 0.833667
-0.462269 0.297594 0.835311
-0.485606 0.301627 0.820492
-0.494053 0.264941 0.828081
-0.524041 0.228517 0.820464
-0.5103 0.185637 0.839722
-0.545786 0.145773 0.825148
-0.53523 0.105844 0.838049
-0.554753 0.0875943 0.827392
-0.570511 0.0449525 0.820059
-0.553438 0.000626628 0.83289
-0.543902 -0.00900976 0.8391
-0.548208 -0.0415364 0.83531
-0.546397 -0.100838 0.831434
-0.530221 -0.11956 0.839387
-0.529052 -0.148214 0.835545
-0.524194 -0.18713 0.830785
-0.505697 -0.21643 0.835122
-0.494351 -0.26533 0.827778
-0.48111 -0.288126 0.827959
-0.453966 -0.313373 0.834094
-0.439075 -0.320608 0.8393
-0.425923 -0.358371 0.830759
-0.413507 -0.392856 0.821387
-0.360138 -0.431328 0.827198
-0.33386 -0.459253 0.823179
-0.308733 -0.478872 0.821806
-0.290765 -0.467482 0.834815
-0.241841 -0.488795 0.838208
-0.227937 -0.494046 0.839025
-0.193455 -0.51406 0.835654
-0.149349 -0.536392 0.830649
-0.115814 -0.552501 0.825427
-0.090857 -0.538496 0.837716
-0.0450635 -0.557469 0.828974
-0.00549613 -0.570258 0.821448
0.0334115 -0.551725 0.833356
0.0640155 -0.565429 0.822309
0.0959918 -0.537011 0.838096
0.132344 -0.553502 0.822265
0.165357 -0.540183 0.825142
0.196327 -0.52934 0.825381
0.238606 -0.507878 0.827724
0.263614 -0.501424 0.824064
0.297051 -0.478276 0.826446
0.330403 -0.461127 0.823527
0.329074 -0.435931 0.83766
0.379323 -0.411871 0.828538
0.388213 -0.379182 0.839948
0.412499 -0.361191 0.836293
0.430044 -0.350651 0.831929
0.463426 -0.305009 0.831989
0.465248 -0.283696 0.838488
0.492413 -0.263864 0.829401
0.499658 -0.219333 0.837994
0.540022 -0.181366 0.821877
0.526608 -0.148088 0.83711
0.54611 -0.112797 0.830085
0.553426 -0.0950641 0.827456
0.553468 -0.0591707 0.830766
0.546287 -0.0245458 0.837238
0.577976 0.00926397 0.816001
0.584891 0.0654288 0.808469
0.567702 0.0928124 0.817986
0.5729 0.119997 0.810794
0.549462 0.173349 0.817338
0.548708 0.198858 0.812019
0.541086 0.233128 0.808009
0.536414 0.257771 0.803626
0.500119 0.313826 0.80709
0.485005 0.331915 0.809075
0.464646 0.369419 0.804757
0.439124 0.375426 0.816226
0.405379 0.4218 0.81102
0.377227 0.450816 0.80899
0.347503 0.459129 0.817583
0.330214 0.474316 0.816078
0.295789 0.520292 0.801127
0.275623 0.504683 0.818124
0.229447 0.535205 0.812964
0.197568 0.547139 0.813391
0.154869 0.563253 0.811641
0.141862 0.555053 0.819629
0.0783249 0.57284 0.815916
0.0416348 0.575049 0.817059
0.0114349 0.593335 0.804875
-0.0190101 0.583385 0.811973
-0.0581681 0.580305 0.812319
-0.105177 0.584604 0.804473
-0.121151 0.571113 0.811882
-0.166428 0.569277 0.805124
-0.208851 0.533374 0.819691
-0.252341 0.539848 0.80305
-0.283406 0.520047 0.80575
-0.277812 0.500534 0.819931
-0.324472 0.488333 0.810092
-0.372199 0.454932 0.809015
-0.381541 0.429074 0.818732
-0.416736 0.429089 0.801383
-0.427523 0.397549 0.811898
-0.447289 0.362455 0.817655
-0.491552 0.33322 0.804575
-0.502374 0.311982 0.806404
-0.51202 0.262666 0.817828
-0.550585 0.237663 0.800233
-0.561919 0.193093 0.804339
-0.553675 0.149657 0.819174
-0.579894 0.114825 0.80656
-0.585485 0.0970907 0.804849
-0.593639 0.0463065 0.803398
-0.58449 0.0247849 0.811022
-0.573943 -0.0360422 0.818102
-0.577615 -0.0421127 0.815223
-0.58279 -0.0799472 0.808681
-0.566281 -0.144299 0.811482
-0.55595 -0.163155 0.815046
-0.547728 -0.178688 0.817352
-0.522336 -0.238305 0.818765
-0.519717 -0.25139 0.816516
-0.505357 -0.284583 0.814633
-0.498397 -0.318554 0.806302
-0.466618 -0.372685 0.802106
-0.445391 -0.395996 0.803003
-0.414082 -0.41971 0.807701
-0.397474 -0.447721 0.800975
-0.360071 -0.458236 0.812631
-0.334913 -0.490379 0.804588
-0.312421 -0.492944 0.812034
-0.252313 -0.533081 0.807566
-0.244309 -0.523239 0.816416
-0.20524 -0.561965 0.801294
-0.179605 -0.560874 0.808185
-0.122123 -0.57204 0.811083
-0.0889085 -0.590124 0.802402
-0.0691008 -0.591223 0.803542
-0.0183729 -0.593875 0.804347
0.0245932 -0.577518 0.816008
0.0381524 -0.577751 0.815321
0.103142 -0.570038 0.815119
0.117807 -0.578874 0.806862
0.145309 -0.562222 0.81412
0.184301 -0.559485 0.80809
0.24935 -0.530433 0.810225
0.248202 -0.518095 0.818519
0.296827 -0.520144 0.80084
0.335937 -0.468956 0.81684
0.369717 -0.461556 0.806396
0.385433 -0.458468 0.80078
0.421478 -0.403799 0.811974
0.438077 -0.399921 0.805079
0.474526 -0.366711 0.800217
0.483671 -0.342718 0.805361
0.506102 -0.279646 0.815879
0.515182 -0.264535 0.815236
0.551789 -0.222686 0.803704
0.550438 -0.213593 0.807091
0.571343 -0.176124 0.80159
0.562669 -0.129146 0.816533
0.570392 -0.0996443 0.815306
0.583192 -0.0665098 0.809607
0.586329 -0.0118769 0.809986
0.602249 0.0068451 0.798279
0.609884 0.0401817 0.791472
0.598525 0.107473 0.793862
0.61155 0.11877 0.782241
0.573365 0.181415 0.798963
0.575028 0.218682 0.788366
0.54785 0.248929 0.798683
0.555388 0.274426 0.785006
0.520605 0.310739 0.795243
0.492274 0.352172 0.796016
0.496862 0.366731 0.786535
0.443745 0.40873 0.797515
0.437888 0.430194 0.789422
0.411099 0.44046 0.798119
0.373694 0.487734 0.788966
0.343426 0.514865 0.785476
0.327255 0.526768 0.784487
0.294834 0.542954 0.786304
0.245706 0.574991 0.780394
0.221064 0.561659 0.797289
0.162656 0.589795 0.791003
0.134904 0.606338 0.78368
0.0934306 0.606075 0.789901
0.0490236 0.619323 0.783604
0.0371727 0.602309 0.797397
-0.0311006 0.615558 0.787478
-0.0662571 0.600033 0.797227
-0.102923 0.608309 0.786998
-0.140529 0.586297 0.797814
-0.178593 0.592296 0.785678
-0.20419 0.573678 0.793221
-0.227841 0.56357 0.794026
-0.295981 0.539713 0.788102
-0.310541 0.519478 0.796057
-0.340069 0.511888 0.788875
-0.362188 0.498105 0.787852
-0.39549 0.452973 0.799001
-0.435424 0.43243 0.789563
-0.46506 0.418304 0.780219
-0.471252 0.383944 0.794046
-0.513046 0.329046 0.792788
-0.536957 0.317588 0.781547
-0.551533 0.277852 0.786517
-0.558899 0.23013 0.796663
-0.577185 0.192244 0.793662
-0.589026 0.164892 0.791112
-0.595877 0.123671 0.793496
-0.614726 0.0807955 0.784592
-0.6176 0.0401197 0.785469
-0.612363 0.0276123 0.790094
-0.607912 -0.00392217 0.793995
-0.605444 -0.051487 0.794221
-0.604231 -0.107835 0.789479
-0.608263 -0.13657 0.781898
-0.583104 -0.157662 0.796952
-0.579932 -0.209325 0.787313
-0.552875 -0.241605 0.797468
-0.529651 -0.2826 0.799754
-0.525497 -0.296645 0.797405
-0.510034 -0.344124 0.788318
-0.486112 -0.354513 0.798759
-0.45492 -0.395375 0.797951
-0.428046 -0.448586 0.784568
-0.402203 -0.456103 0.793853
-0.371682 -0.498461 0.783192
-0.360142 -0.50502 0.78438
-0.331725 -0.527828 0.781893
-0.280589 -0.544869 0.790182
-0.251072 -0.569944 0.782385
-0.228663 -0.581071 0.781069
-0.168753 -0.592064 0.788024
-0.125503 -0.601338 0.789077
-0.0922419 -0.59657 0.797243
-0.0666774 -0.610145 0.789479
-0.0345997 -0.618214 0.785248
0.031068 -0.617808 0.785715
0.0687573 -0.599752 0.797226
0.110005 -0.594868 0.796261
0.134588 -0.603125 0.78621
0.171493 -0.586168 0.791832
0.194699 -0.575813 0.79406
0.234589 -0.571181 0.786588
0.263944 -0.546448 0.794813
0.301763 -0.537641 0.787325
0.348007 -0.506563 0.78885
0.360155 -0.485613 0.796535
0.405823 -0.44772 0.796777
0.434801 -0.445924 0.782368
0.453234 -0.404277 0.794443
0.474108 -0.39144 0.788668
0.502672 -0.35183 0.789643
0.537728 -0.310914 0.783697
0.528094 -0.290231 0.79805
0.56857 -0.233961 0.788664
0.582716 -0.19034 0.790071
0.587234 -0.158929 0.793661
0.593571 -0.113711 0.796708
0.617495 -0.100828 0.780085
0.601716 -0.051944 0.797019
0.614649 -0.0113353 0.788719
0.630295 0.0292187 0.775805
0.644303 0.055634 0.762744
0.62755 0.109297 0.770867
0.624525 0.149294 0.766603
0.607379 0.165606 0.776959
0.603593 0.224614 0.764999
0.584908 0.255962 0.769653
0.562657 0.291822 0.773471
0.542373 0.33912 0.768654
0.535344 0.342755 0.771962
0.5056 0.403439 0.762631
0.497331 0.413172 0.762857
0.444473 0.464633 0.765872
0.410485 0.487113 0.770859
0.405781 0.491831 0.770353
0.353063 0.533248 0.768761
0.330558 0.552958 0.764833
0.294771 0.55378 0.778741
0.241708 0.581758 0.776618
0.226598 0.607881 0.761008
0.17329 0.625649 0.760614
0.142263 0.633948 0.760178
0.10607 0.623364 0.774704
0.0460644 0.626611 0.77797
0.0196857 0.630692 0.775784
-0.0032253 0.647471 0.762083
-0.0693901 0.627454 0.775556
-0.115011 0.617959 0.777753
-0.142466 0.624547 0.767883
-0.163823 0.623681 0.76432
-0.211027 0.604444 0.76819
-0.250431 0.594126 0.764394
-0.304922 0.567829 0.764586
-0.340661 0.541311 0.768722
-0.360112 0.528923 0.768479
-0.38892 0.498453 0.774781
-0.409899 0.479805 0.775738
-0.44244 0.443672 0.77936
-0.469993 0.433991 0.768608
-0.50727 0.379355 0.7738
-0.523681 0.370226 0.767262
-0.563864 0.316518 0.762806
-0.586709 0.277343 0.760824
-0.592919 0.253725 0.764245
-0.602234 0.213755 0.76917
-0.611931 0.193232 0.766943
-0.631788 0.144012 0.761646
-0.630869 0.0922786 0.770382
-0.627839 0.0775198 0.774473
-0.641098 0.00594604 0.767436
-0.63845 -0.0357056 0.768834
-0.631635 -0.0705922 0.772045
-0.621964 -0.0956973 0.777176
-0.614844 -0.146011 0.775015
-0.613504 -0.180719 0.768735
-0.604087 -0.204714 0.770176
-0.593761 -0.250366 0.764699
-0.554828 -0.2926 0.778814
-0.538329 -0.33442 0.773541
-0.51518 -0.367637 0.774231
-0.491599 -0.403641 0.771624
-0.491841 -0.424717 0.760071
-0.449652 -0.448373 0.772512
-0.409776 -0.473772 0.779502
-0.386517 -0.508317 0.769558
-0.372465 -0.518138 0.769937
-0.311352 -0.558087 0.769155
-0.286819 -0.579327 0.762964
-0.266269 -0.575303 0.773387
-0.200399 -0.603058 0.772115
-0.164102 -0.620562 0.766794
-0.139893 -0.612341 0.778118
-0.112371 -0.621551 0.775273
-0.0569026 -0.626904 0.777016
-0.0221061 -0.625399 0.779992
0.0167546 -0.635979 0.771524
0.0565989 -0.632584 0.772421
0.110886 -0.63455 0.764886
0.15237 -0.629336 0.762049
0.174277 -0.611368 0.771917
0.230838 -0.593102 0.771326
0.270793 -0.577731 0.769999
0.287644 -0.577767 0.763836
0.314118 -0.559758 0.766812
0.343082 -0.536604 0.770942
0.3719 -0.504293 0.779345
0.417335 -0.496366 0.761218
0.442517 -0.46094 0.769229
0.479499 -0.412784 0.774396
0.503112 -0.401483 0.765303
0.512444 -0.364566 0.777491
0.553406 -0.327077 0.766004
0.569377 -0.292121 0.768423
0.579787 -0.251919 0.774844
0.596424 -0.207897 0.775279
0.623666 -0.174 0.762079
0.62338 -0.143621 0.768616
0.632854 -0.105239 0.767086
0.640333 -0.0684512 0.765041
0.63763 -0.0320438 0.769676
0.657829 0.022698 0.752825
0.655013 0.0535326 0.753719
0.654743 0.118626 0.746485
0.640524 0.16257 0.750533
0.639334 0.173097 0.749192
0.61432 0.228427 0.755269
0.596859 0.277949 0.752664
0.574075 0.313051 0.756596
0.56872 0.332877 0.752164
0.542599 0.375157 0.751561
0.519733 0.39371 0.758202
0.488321 0.439266 0.754048
0.457814 0.484056 0.745718
0.431529 0.487126 0.75927
0.400158 0.519423 0.755032
0.370138 0.552606 0.746742
0.315072 0.571152 0.757967
0.293947 0.602643 0.741901
0.270313 0.61178 0.743409
0.230952 0.625411 0.745334
0.166196 0.642239 0.74827
0.123816 0.638871 0.759285
0.117111 0.66023 0.741877
0.0715551 0.666545 0.742022
0.0283453 0.663859 0.74732
-0.030508 0.670277 0.741484
-0.0510362 0.662611 0.747223
-0.097039 0.651589 0.75234
-0.139394 0.63877 0.756665
-0.183084 0.642954 0.7437
-0.22675 0.632583 0.740556
-0.242247 0.60365 0.759555
-0.315507 0.580171 0.750904
-0.332874 0.580674 0.742976
-0.37217 0.541425 0.753889
-0.420352 0.515193 0.746914
-0.444136 0.491806 0.748913
-0.472012 0.474359 0.743094
-0.509551 0.435519 0.742079
-0.528005 0.407969 0.74483
-0.542999 0.359901 0.758699
-0.568719 0.326577 0.754921
-0.600081 0.29928 0.741845
-0.590561 0.274527 0.758863
-0.617727 0.206225 0.758871
-0.629208 0.20319 0.750207
-0.642274 0.14306 0.753006
-0.646115 0.0896992 0.75795
-0.65863 0.0433622 0.751217
-0.651912 0.0104569 0.758223
-0.661581 -0.0309146 0.749236
-0.662962 -0.045583 0.747264
-0.651911 -0.102501 0.751335
-0.648195 -0.137606 0.748938
-0.631284 -0.175329 0.755474
-0.632837 -0.218508 0.742813
-0.623513 -0.252014 0.740082
-0.59127 -0.320408 0.740094
-0.583501 -0.323278 0.744995
-0.54852 -0.388432 0.740437
-0.53097 -0.410146 0.74152
-0.508037 -0.435217 0.743293
-0.462037 -0.488183 0.740405
-0.433494 -0.486682 0.758435
-0.421764 -0.520864 0.74217
-0.369836 -0.53906 0.756727
-0.33042 -0.583578 0.741795
-0.306301 -0.586812 0.749554
-0.276696 -0.595313 0.754349
-0.225026 -0.626127 0.746544
-0.182541 -0.633075 0.75226
-0.150553 -0.651003 0.743995
-0.0917766 -0.658354 0.747092
-0.066074 -0.653233 0.754268
-0.0309062 -0.668526 0.743046
0.0317295 -0.653856 0.755954
0.0434351 -0.665258 0.745349
0.110405 -0.641554 0.759091
0.13106 -0.659164 0.74049
0.196585 -0.622686 0.757375
0.214456 -0.620657 0.754184
0.249479 -0.607573 0.754066
0.307654 -0.575016 0.758093
0.332828 -0.572767 0.749109
0.366847 -0.560975 0.742112
0.403402 -0.535079 0.742265
0.446978 -0.495146 0.745011
0.467211 -0.473426 0.746714
0.508039 -0.422933 0.750349
0.523401 -0.415008 0.744191
0.552818 -0.351182 0.755687
0.570589 -0.316106 0.757961
0.573034 -0.308151 0.759391
0.60187 -0.282945 0.746789
0.621387 -0.210928 0.754578
0.643926 -0.184365 0.742542
0.633155 -0.155394 0.758267
0.656921 -0.117545 0.744741
0.668558 -0.0713643 0.740228
0.662776 -0.00487221 0.748802
0.683709 0.0191925 0.729502
0.67404 0.0540853 0.736712
0.664894 0.119434 0.737327
0.669385 0.154764 0.726616
0.662485 0.190649 0.724408
0.644281 0.254867 0.721072
0.63374 0.253145 0.730952
0.617627 0.313858 0.721131
0.580363 0.348364 0.736085
0.565865 0.382841 0.730225
0.541873 0.412826 0.732085
0.505495 0.444663 0.739425
0.474794 0.492527 0.729375
0.45364 0.51585 0.726711
0.422753 0.525941 0.738015
0.378578 0.566515 0.731943
0.34725 0.592873 0.72658
0.302243 0.622351 0.722031
0.267885 0.626336 0.73208
0.24396 0.636607 0.731584
0.193207 0.644886 0.739454
0.148383 0.65987 0.736583
0.122914 0.670465 0.731689
0.0604087 0.690558 0.72075
0.0237193 0.687672 0.725634
-0.00483232 0.674305 0.738437
-0.0479544 0.688402 0.723742
-0.100601 0.67808 0.72807
-0.140766 0.677393 0.722028
-0.213487 0.657343 0.72272
-0.221964 0.646066 0.730295
-0.258799 0.635358 0.72756
-0.314279 0.61485 0.723317
-0.342681 0.60253 0.720783
-0.374989 0.560704 0.738237
-0.404521 0.548368 0.731885
-0.457943 0.514422 0.725023
-0.474374 0.494816 0.728098
-0.517346 0.452784 0.726182
-0.542226 0.425569 0.724487
-0.56473 0.365709 0.739822
-0.595617 0.336183 0.729535
-0.609913 0.329351 0.720787
-0.626527 0.25449 0.736681
-0.633545 0.24946 0.732387
-0.667818 0.177476 0.722857
-0.662532 0.149004 0.734063
-0.662188 0.12068 0.739557
-0.692551 0.0443126 0.720007
-0.679351 0.0389806 0.732778
-0.679755 -0.0327783 0.732706
-0.675395 -0.0473314 0.735936
-0.669603 -0.118959 0.733131
-0.666374 -0.12861 0.734442
-0.658409 -0.171413 0.732882
-0.643847 -0.225639 0.731128
-0.626794 -0.293355 0.721854
-0.595671 -0.321068 0.736269
-0.583734 -0.337957 0.738268
-0.570049 -0.385694 0.725455
-0.535817 -0.420193 0.732351
-0.504879 -0.45532 0.733336
-0.480903 -0.472242 0.738728
-0.470346 -0.504873 0.723795
-0.427768 -0.52857 0.733231
-0.372755 -0.563839 0.73698
-0.358054 -0.592973 0.721235
-0.321726 -0.610572 0.723667
-0.284166 -0.613315 0.73695
-0.229833 -0.639448 0.733678
-0.177942 -0.652005 0.737038
-0.169596 -0.670209 0.722535
-0.126425 -0.676544 0.725469
-0.0515832 -0.690456 0.721533
-0.0149605 -0.681405 0.731754
0.0338791 -0.677881 0.734391
0.0685992 -0.674262 0.735299
0.0982861 -0.675782 0.730519
0.142062 -0.678621 0.720619
0.181932 -0.655714 0.732762
0.231709 -0.641963 0.730886
0.263097 -0.619269 0.739788
0.326398 -0.609287 0.722657
0.331795 -0.601772 0.726487
0.406662 -0.560332 0.721564
0.404499 -0.551634 0.729438
0.452285 -0.519476 0.724971
0.476886 -0.478207 0.737494
0.499031 -0.465759 0.730778
0.546098 -0.403438 0.734177
0.5705 -0.383969 0.726015
0.600671 -0.333457 0.726636
0.595853 -0.320673 0.736294
0.615969 -0.282587 0.735341
0.642927 -0.22715 0.731469
0.659912 -0.174651 0.730762
0.658459 -0.148378 0.737845
0.673148 -0.0861186 0.734476
0.677672 -0.0446942 0.734004
0.69303 -0.0339226 0.72011
0.712651 0.0234084 0.701128
0.696006 0.0744079 0.71417
0.704447 0.107799 0.701522
0.681829 0.147242 0.716539
0.676009 0.194751 0.710692
0.662799 0.222963 0.714832
0.629957 0.292894 0.719283
0.6256 0.305075 0.718021
0.602264 0.347646 0.718624
0.580464 0.394235 0.712489
0.553759 0.448662 0.701465
0.539718 0.448467 0.712448
0.490413 0.499983 0.713801
0.45546 0.523856 0.719813
0.450097 0.544342 0.707887
0.39772 0.589139 0.703374
0.373013 0.597923 0.709471
0.319284 0.621827 0.715114
0.283346 0.645552 0.709209
0.261495 0.661059 0.703293
0.21597 0.678258 0.70237
0.134249 0.684434 0.716608
0.118589 0.684195 0.719593
0.0834625 0.691821 0.717229
0.0215575 0.705893 0.70799
-0.0233798 0.705515 0.70831
-0.0862268 0.695874 0.712969
-0.117421 0.695603 0.708766
-0.157202 0.68882 0.707682
-0.183388 0.675094 0.714575
-0.222397 0.66975 0.708501
-0.265426 0.658111 0.704585
-0.298056 0.631849 0.715492
-0.369052 0.600973 0.708966
-0.390917 0.58409 0.711353
-0.428334 0.565743 0.704603
-0.479839 0.514888 0.710383
-0.494121 0.494048 0.715375
-0.519981 0.46604 0.71584
-0.566146 0.42183 0.708193
-0.580468 0.412068 0.702322
-0.597258 0.366751 0.713286
-0.628563 0.300742 0.717261
-0.65796 0.272397 0.702061
-0.65686 0.252071 0.71063
-0.679312 0.218675 0.700512
-0.684972 0.142068 0.714584
-0.688359 0.109195 0.717104
-0.707033 0.0580362 0.704796
-0.698452 0.0354638 0.714778
-0.695703 -0.00135349 0.718328
-0.700932 -0.0691206 0.709871
-0.703031 -0.12214 0.700592
-0.681512 -0.137941 0.718688
-0.66662 -0.200773 0.71785
-0.663896 -0.262441 0.700262
-0.655454 -0.275009 0.703385
-0.612914 -0.335335 0.715463
-0.609473 -0.341263 0.715599
-0.581328 -0.40522 0.705588
-0.547798 -0.435769 0.714159
-0.529859 -0.470866 0.705361
-0.485186 -0.508718 0.711197
-0.469477 -0.512728 0.718819
-0.438787 -0.55267 0.708535
-0.388862 -0.584501 0.712141
-0.341675 -0.612308 0.712978
-0.324088 -0.618805 0.715575
-0.289431 -0.644994 0.707257
-0.228326 -0.666158 0.710001
-0.19949 -0.684543 0.701145
-0.142737 -0.694413 0.705278
-0.0906754 -0.704578 0.70381
-0.0875589 -0.703606 0.705175
-0.0235231 -0.695373 0.718264
0.0168655 -0.708372 0.705638
0.063435 -0.694321 0.716864
0.115826 -0.703528 0.701166
0.13133 -0.688274 0.713464
0.215202 -0.676755 0.704053
0.22444 -0.663647 0.713582
0.287107 -0.64427 0.708862
0.326687 -0.614375 0.718205
0.372189 -0.60934 0.700129
0.390593 -0.575245 0.7187
0.413858 -0.569047 0.710568
0.462104 -0.543977 0.700392
0.510982 -0.492699 0.704376
0.52385 -0.460525 0.716587
0.554769 -0.444029 0.703611
0.591343 -0.399841 0.700315
0.600222 -0.373492 0.707274
0.63767 -0.320982 0.700248
0.647332 -0.289134 0.70524
0.664591 -0.237601 0.708425
0.675347 -0.177944 0.715711
0.69419 -0.142788 0.705487
0.699008 -0.0965546 0.708566
0.702335 -0.0634859 0.70901
0.704847 -0.0170761 0.709154
0.715293 0.000623861 0.698825
0.724584 0.047376 0.687556
0.710283 0.108084 0.695569
0.713507 0.15442 0.68342
0.700841 0.210721 0.681482
0.677121 0.263679 0.687008
0.662512 0.276173 0.69628
0.643723 0.311533 0.698976
0.622063 0.383313 0.682722
0.59992 0.404554 0.69024
0.563604 0.448773 0.693508
0.553925 0.461201 0.693153
0.497979 0.524589 0.690524
0.499425 0.533398 0.682687
0.446684 0.569036 0.690414
0.406874 0.601789 0.687244
0.377021 0.616113 0.691563
0.323434 0.649168 0.688456
0.292617 0.665414 0.686731
0.238364 0.673927 0.699289
0.191534 0.68909 0.698907
0.169381 0.703702 0.69001
0.11231 0.724016 0.680579
0.0528174 0.720236 0.691715
0.00442816 0.72073 0.693202
-0.030034 0.718916 0.694448
-0.0737483 0.722042 0.687907
-0.0947863 0.721682 0.685705
-0.161606 0.706203 0.689319
-0.178676 0.693484 0.697964
-0.258648 0.685846 0.680232
-0.284091 0.666791 0.688972
-0.317535 0.660879 0.680007
-0.370351 0.611833 0.698928
-0.391614 0.609508 0.689303
-0.443904 0.565678 0.694951
-0.490691 0.539133 0.684513
-0.52412 0.5082 0.683396
-0.532383 0.484772 0.693948
-0.577088 0.439415 0.688393
-0.601936 0.389578 0.697067
-0.62554 0.356734 0.693859
-0.634387 0.347627 0.690441
-0.660793 0.310339 0.683405
-0.689261 0.227237 0.687956
-0.687387 0.195468 0.699494
-0.710303 0.15518 0.686577
-0.706525 0.104145 0.699984
-0.722272 0.0887353 0.685893
-0.719806 0.0343896 0.693323
-0.716461 -0.0264046 0.697128
-0.724744 -0.0877643 0.683406
-0.710669 -0.11989 0.693236
-0.707974 -0.16484 0.686732
-0.705585 -0.192729 0.681913
-0.683715 -0.224576 0.694334
-0.655608 -0.288137 0.697965
-0.648345 -0.334447 0.683955
-0.621761 -0.374704 0.687757
-0.607312 -0.396986 0.688167
-0.569596 -0.448567 0.688729
-0.555229 -0.473287 0.6839
-0.497799 -0.517305 0.696126
-0.469812 -0.560626 0.681891
-0.457191 -0.569883 0.682795
-0.42122 -0.580055 0.697216
-0.352909 -0.638983 0.683488
-0.34591 -0.64484 0.681563
-0.284858 -0.668061 0.687423
-0.245701 -0.68695 0.683908
-0.221751 -0.695531 0.68342
-0.139029 -0.711962 0.688317
-0.118882 -0.717408 0.686435
-0.0776205 -0.719835 0.689792
-0.0402909 -0.713367 0.699632
0.026464 -0.723417 0.689904
0.0598401 -0.725496 0.68562
0.132815 -0.717607 0.683667
0.166019 -0.696899 0.697689
0.224435 -0.694329 0.683766
0.267548 -0.681885 0.680772
0.303124 -0.667205 0.680407
0.348535 -0.643383 0.681603
0.374697 -0.629176 0.680984
0.416249 -0.591836 0.690265
0.432107 -0.57059 0.698363
0.488639 -0.542734 0.683134
0.509057 -0.507678 0.695071
0.544018 -0.464231 0.698952
0.564313 -0.462627 0.68376
0.599486 -0.417578 0.682822
0.627313 -0.366859 0.686945
0.646427 -0.330937 0.687469
0.66841 -0.277251 0.690188
0.672364 -0.251544 0.69617
0.694441 -0.218284 0.685641
0.703648 -0.148135 0.694936
0.720578 -0.129352 0.681202
0.723932 -0.0505387 0.688018
0.726812 -0.0417923 0.685564
0.744039 0.037603 0.667078
0.737339 0.0692048 0.671969
0.731569 0.122854 0.670606
0.715531 0.160982 0.67978
0.706891 0.221023 0.671903
0.703711 0.241614 0.668142
0.679863 0.281391 0.677204
0.661113 0.350913 0.663167
0.646272 0.373066 0.665699
0.603259 0.432906 0.669829
0.59625 0.446301 0.667309
0.538824 0.498885 0.67881
0.513382 0.546656 0.661518
0.484823 0.551543 0.678783
0.448683 0.600148 0.662197
0.416969 0.616567 0.667819
0.39819 0.628375 0.668274
0.351193 0.644175 0.679487
0.315742 0.675018 0.666827
0.271037 0.692624 0.668439
0.223727 0.714587 0.662806
0.13854 0.726131 0.673454
0.131089 0.729162 0.671668
0.0875051 0.741984 0.664682
0.0338333 0.741611 0.669976
-0.00625779 0.733894 0.679235
-0.0511625 0.740612 0.669982
-0.111351 0.725147 0.679531
-0.141549 0.72125 0.678057
-0.231301 0.713815 0.661036
-0.256222 0.703726 0.662662
-0.292991 0.682559 0.66953
-0.339626 0.661493 0.668642
-0.366942 0.645523 0.669816
-0.402043 0.625907 0.668283
-0.450663 0.585115 0.674198
-0.492096 0.549943 0.674836
-0.529951 0.518437 0.671099
-0.55163 0.504426 0.664273
-0.584743 0.466209 0.663871
-0.622662 0.403731 0.670293
-0.64901 0.357527 0.671536
-0.667334 0.342846 0.661152
-0.671036 0.313733 0.671775
-0.696749 0.257818 0.669381
-0.703248 0.209215 0.679464
-0.732255 0.161251 0.661666
-0.739309 0.117826 0.662978
-0.731154 0.0755949 0.678011
-0.746006 0.0147524 0.665776
-0.741413 -6.17582e-05 0.671049
-0.731409 -0.0786911 0.677383
-0.734767 -0.119969 0.667626
-0.723322 -0.157156 0.672389
-0.72178 -0.194388 0.664264
-0.705271 -0.242565 0.666149
-0.680286 -0.275084 0.679367
-0.647268 -0.354465 0.674833
-0.63588 -0.385263 0.668752
-0.616968 -0.396636 0.679729
-0.592521 -0.432791 0.679419
-0.542771 -0.506226 0.670175
-0.531268 -0.520845 0.668187
-0.483425 -0.561723 0.671392
-0.470384 -0.579011 0.665947
-0.429352 -0.602836 0.672492
-0.374331 -0.633527 0.677141
-0.328901 -0.672617 0.662881
-0.30292 -0.669381 0.678358
-0.233286 -0.698356 0.676666
-0.190614 -0.71604 0.67153
-0.162537 -0.717642 0.677179
-0.122139 -0.740825 0.6605
-0.0680075 -0.737953 0.671416
-0.0257119 -0.73404 0.67862
0.00458825 -0.744699 0.667385
0.0522702 -0.740212 0.670338
0.0953696 -0.727802 0.679124
0.160628 -0.724115 0.670713
0.193376 -0.721629 0.664724
0.236231 -0.70597 0.667683
0.3045 -0.6734 0.673656
0.324511 -0.670584 0.667091
0.387183 -0.633827 0.669591
0.423525 -0.607703 0.671806
0.468271 -0.578278 0.66807
0.499751 -0.550083 0.669072
0.522912 -0.521509 0.674233
0.558487 -0.478968 0.677261
0.571799 -0.460699 0.678824
0.613758 -0.406508 0.676795
0.639282 -0.37034 0.673919
0.663142 -0.345911 0.663768
0.68064 -0.305986 0.665659
0.703591 -0.254265 0.663558
0.711082 -0.209599 0.671141
0.729148 -0.150515 0.667598
0.725993 -0.125976 0.676066
0.747656 -0.0603939 0.661334
0.750505 -0.030999 0.660138
0.757773 0.0280864 0.651914
0.748687 0.0922266 0.656476
0.747907 0.116748 0.653456
0.741538 0.164001 0.650558
0.724082 0.21189 0.65636
0.720259 0.251274 0.646597
0.68377 0.320405 0.655591
0.694369 0.328454 0.640288
0.646517 0.393545 0.653559
0.635147 0.411194 0.653841
0.588788 0.471763 0.65633
0.561379 0.514281 0.648358
0.527991 0.546821 0.649779
0.499593 0.562698 0.658618
0.482063 0.587376 0.650081
0.413844 0.643172 0.644253
0.368878 0.667359 0.646963
0.327009 0.692562 0.64298
0.309037 0.692909 0.651439
0.252145 0.715853 0.651136
0.231492 0.730113 0.64292
0.187409 0.744349 0.640954
0.0972643 0.746491 0.658249
0.0751319 0.749375 0.65787
0.0280399 0.761814 0.647189
-0.0393764 0.759833 0.648924
-0.0537779 0.752238 0.656693
-0.127556 0.751359 0.647448
-0.176544 0.746355 0.641706
-0.206122 0.724635 0.657585
-0.277262 0.712272 0.644821
-0.29662 0.696123 0.653781
-0.333282 0.689949 0.642567
-0.377633 0.657287 0.652202
-0.440058 0.619242 0.650299
-0.463867 0.610666 0.641806
-0.520507 0.564004 0.641071
-0.520377 0.551776 0.65173
-0.574489 0.505198 0.644002
-0.597959 0.467418 0.651127
-0.647771 0.411234 0.64131
-0.640739 0.401009 0.65471
-0.679687 0.325482 0.657333
-0.692833 0.323473 0.644475
-0.722645 0.239982 0.648223
-0.727021 0.218779 0.650827
-0.749405 0.154232 0.643898
-0.7562 0.111177 0.644827
-0.762047 0.0890516 0.641369
-0.767466 0.0281445 0.640472
-0.766879 -0.0427411 0.640367
-0.758677 -0.092363 0.644887
-0.757065 -0.103827 0.645037
-0.748745 -0.169739 0.640757
-0.7341 -0.208571 0.646216
-0.720725 -0.265821 0.64023
-0.7005 -0.290311 0.651935
-0.679695 -0.348291 0.64553
-0.648838 -0.383709 0.657098
-0.623362 -0.437168 0.648309
-0.612155 -0.447302 0.652064
-0.573832 -0.487107 0.658364
-0.52941 -0.552557 0.643744
-0.497908 -0.582559 0.642427
-0.457173 -0.617342 0.640221
-0.405232 -0.635945 0.65678
-0.371577 -0.667591 0.645177
-0.348526 -0.682885 0.642026
-0.283223 -0.697458 0.658283
-0.242441 -0.711764 0.659253
-0.232423 -0.719298 0.654668
-0.157489 -0.74166 0.652026
-0.135977 -0.743802 0.654423
-0.0746285 -0.751174 0.655872
-0.0100069 -0.761949 0.64756
0.000889472 -0.754029 0.656841
0.0595759 -0.763279 0.643316
0.125012 -0.7447 0.655587
0.145647 -0.738445 0.658397
0.191712 -0.733429 0.652172
0.262396 -0.721373 0.640913
0.307097 -0.686397 0.659205
0.36327 -0.666881 0.650619
0.386307 -0.6481 0.656303
0.418892 -0.640137 0.644014
0.447492 -0.610587 0.653402
0.507772 -0.559545 0.655039
0.541101 -0.539275 0.645285
0.588343 -0.49033 0.642984
0.605683 -0.471476 0.640983
0.621062 -0.444772 0.645336
0.655615 -0.383992 0.650169
0.679314 -0.334793 0.653029
0.691565 -0.302952 0.655712
0.721688 -0.254416 0.643769
0.733165 -0.199783 0.650043
0.736261 -0.162748 0.656836
0.750852 -0.112777 0.650771
0.756779 -0.0645241 0.650479
0.753668 -0.034339 0.656358
0.782111 0.0251695 0.62263
0.772105 0.0542539 0.633175
0.76579 0.10051 0.635188
0.764265 0.150345 0.627132
0.73689 0.218828 0.639616
0.727393 0.274984 0.628716
0.724097 0.289629 0.625938
0.698953 0.331677 0.633604
0.671309 0.398961 0.62464
0.639854 0.439537 0.630393
0.594505 0.490449 0.637199
0.587087 0.504506 0.63309
0.538621 0.559809 0.629683
0.499679 0.603383 0.62149
0.490483 0.601122 0.630935
0.441507 0.634259 0.634655
0.391726 0.6728 0.627608
0.336382 0.698849 0.631235
0.328311 0.707088 0.626289
0.256005 0.740851 0.620968
0.216712 0.748703 0.626482
0.175009 0.755904 0.630857
0.108283 0.77018 0.628568
0.0807547 0.771252 0.631387
0.0043239 0.773504 0.633777
-0.0222027 0.783007 0.621616
-0.0621411 0.780376 0.622215
-0.117516 0.771719 0.625012
-0.17612 0.749142 0.638567
-0.217359 0.743811 0.63206
-0.272174 0.732195 0.624349
-0.306217 0.719735 0.623067
-0.341543 0.693326 0.634545
-0.412331 0.653508 0.634753
-0.42371 0.648228 0.63267
-0.459698 0.629186 0.626739
-0.501909 0.597459 0.625404
-0.541349 0.555031 0.631571
-0.598626 0.504669 0.622057
-0.606579 0.488577 0.62718
-0.647468 0.436449 0.624737
-0.674433 0.39019 0.626811
-0.694564 0.358922 0.623503
-0.713449 0.287856 0.63885
-0.723511 0.262819 0.638324
-0.749313 0.199114 0.631572
-0.749265 0.178985 0.637625
-0.762459 0.126096 0.63463
-0.774142 0.0716642 0.628942
-0.774138 0.00391985 0.633004
-0.780542 -0.000629242 0.625103
-0.780635 -0.0725375 0.620763
-0.76196 -0.114961 0.637339
-0.766928 -0.147807 0.624479
-0.742721 -0.211589 0.635292
-0.718113 -0.284244 0.635231
-0.711731 -0.329355 0.620455
-0.687287 -0.366784 0.626982
-0.660523 -0.402399 0.633865
-0.647956 -0.433868 0.626029
-0.620381 -0.457917 0.636742
-0.58651 -0.502947 0.634862
-0.546973 -0.548719 0.63224
-0.49903 -0.598682 0.626537
-0.489523 -0.593469 0.638876
-0.427447 -0.655299 0.622794
-0.377961 -0.669671 0.639285
-0.36516 -0.681238 0.634486
-0.326334 -0.699391 0.635892
-0.264093 -0.725074 0.636021
-0.219452 -0.744416 0.630624
-0.171759 -0.756352 0.631213
-0.140703 -0.761013 0.633294
-0.0658297 -0.769671 0.635038
-0.00261697 -0.781399 0.624026
0.0464289 -0.767515 0.639347
0.0622775 -0.766959 0.638667
0.118656 -0.763233 0.635135
0.190411 -0.758116 0.623702
0.23348 -0.738884 0.632089
0.254106 -0.741298 0.621214
0.330736 -0.70572 0.626556
0.368582 -0.675678 0.638441
0.383284 -0.668705 0.637124
0.434576 -0.65325 0.620007
0.476975 -0.617434 0.625516
0.504055 -0.596706 0.624397
0.540297 -0.567059 0.62171
0.568558 -0.523081 0.634924
0.603212 -0.495679 0.62485
0.644795 -0.421228 0.637813
0.653473 -0.40464 0.639718
0.680399 -0.359852 0.638407
0.722109 -0.291453 0.627387
0.717561 -0.282738 0.636526
0.744351 -0.236025 0.624687
0.753756 -0.171579 0.63436
0.759271 -0.127114 0.638239
0.769959 -0.0858929 0.632286
0.778332 -0.0300725 0.627132
0.793336 0.018326 0.608508
0.794911 0.0678289 0.602923
0.780916 0.137221 0.609378
0.769653 0.186565 0.610596
0.770941 0.209745 0.60138
0.757888 0.24838 0.603252
0.713271 0.327546 0.619643
0.710937 0.339876 0.615673
0.667928 0.414929 0.617823
0.667647 0.440518 0.60016
0.622615 0.499301 0.602536
0.604368 0.509987 0.612089
0.557545 0.556395 0.61609
0.521139 0.597231 0.609696
0.501064 0.618121 0.605692
0.458069 0.655264 0.600669
0.38975 0.690386 0.609477
0.380303 0.697707 0.607104
0.332769 0.720644 0.608224
0.26925 0.750805 0.603155
0.211818 0.761043 0.613145
0.179835 0.772675 0.608796
0.110407 0.785156 0.609377
0.0675755 0.788866 0.610839
0.0274406 0.793824 0.607528
-0.0249324 0.798446 0.60155
-0.0651723 0.785167 0.615846
-0.119547 0.78569 0.606959
-0.157564 0.781279 0.603968
-0.223949 0.767771 0.600312
-0.288447 0.735144 0.613483
-0.332665 0.724354 0.603859
-0.359479 0.710822 0.604572
-0.400485 0.690965 0.601813
-0.45629 0.6491 0.608662
-0.505288 0.617898 0.6024
-0.521089 0.595555 0.611376
-0.573762 0.541359 0.614596
-0.598507 0.512589 0.615664
-0.637625 0.473103 0.607954
-0.651938 0.441572 0.616434
-0.67699 0.406942 0.613256
-0.721491 0.340103 0.603143
-0.734128 0.309805 0.604216
-0.745008 0.25384 0.616869
-0.755645 0.220442 0.61677
-0.781446 0.15067 0.605509
-0.780085 0.123757 0.613312
-0.786362 0.087128 0.611591
-0.797834 0.000635038 0.602877
-0.799074 -0.0369871 0.600094
-0.795245 -0.0714688 0.602061
-0.780088 -0.106884 0.616472
-0.772783 -0.167299 0.612223
-0.759486 -0.246305 0.602091
-0.748553 -0.24706 0.615329
-0.726049 -0.31803 0.609681
-0.708643 -0.353189 0.610804
-0.689131 -0.393016 0.6088
-0.642911 -0.44983 0.619934
-0.630234 -0.467937 0.619548
-0.582724 -0.530048 0.616021
-0.555115 -0.557446 0.617334
-0.519391 -0.593159 0.615138
-0.503958 -0.616974 0.604458
-0.43446 -0.663435 0.609179
-0.40864 -0.684874 0.603292
-0.37898 -0.690573 0.616022
-0.311321 -0.73044 0.607896
-0.267889 -0.744186 0.611901
-0.21477 -0.764 0.608422
-0.192763 -0.769777 0.608512
-0.145974 -0.774251 0.615814
-0.0611579 -0.789322 0.610927
-0.0269174 -0.788585 0.614337
0.0152185 -0.792037 0.610283
0.0839228 -0.789823 0.607566
0.135284 -0.773699 0.618941
0.162034 -0.771191 0.615637
0.243726 -0.750878 0.613824
0.284158 -0.737967 0.612094
0.303912 -0.736233 0.604648
0.378704 -0.692308 0.614242
0.417971 -0.668498 0.61515
0.451923 -0.651911 0.608915
0.470132 -0.63583 0.612124
0.539016 -0.576299 0.614281
0.557162 -0.557497 0.615441
0.59445 -0.512141 0.619953
0.616667 -0.491786 0.61471
0.65761 -0.431947 0.617228
0.689777 -0.392851 0.608174
0.708371 -0.352883 0.611297
0.730445 -0.307774 0.609693
0.757216 -0.25532 0.601195
0.760794 -0.229581 0.60703
0.774995 -0.177525 0.606521
0.786923 -0.101328 0.608675
0.788375 -0.0591207 0.612347
0.79781 -0.0031653 0.602901
0.806663 0.0126087 0.590877
0.796253 0.087507 0.598601
0.794878 0.11557 0.595661
0.787155 0.161429 0.595254
0.781965 0.22728 0.580409
0.76608 0.255216 0.589903
0.745515 0.300393 0.594956
0.719886 0.377541 0.582432
0.700711 0.40811 0.585192
0.660674 0.460043 0.593187
0.619262 0.511589 0.595643
0.587062 0.543826 0.599676
0.566979 0.572885 0.591894
0.526219 0.619105 0.582927
0.485496 0.643133 0.592176
0.440924 0.680272 0.585504
0.401318 0.708205 0.580852
0.381812 0.7129 0.588211
0.303103 0.741855 0.598147
0.293249 0.750593 0.592127
0.205136 0.778307 0.593428
0.171154 0.784385 0.596194
0.149173 0.800764 0.580107
0.0638345 0.801457 0.594636
0.0198275 0.806611 0.59075
-0.0344507 0.805432 0.591686
-0.0726725 0.805561 0.588039
-0.101494 0.80206 0.588557
-0.17092 0.781749 0.599712
-0.221808 0.780731 0.584175
-0.272432 0.754322 0.597311
-0.300196 0.745605 0.594942
-0.380626 0.708904 0.593784
-0.405046 0.694477 0.594676
-0.461914 0.665217 0.586619
-0.51434 0.621916 0.590487
-0.540801 0.600674 0.588834
-0.573628 0.569825 0.588431
-0.619733 0.522826 0.585306
-0.626017 0.504956 0.594241
-0.672997 0.444887 0.59089
-0.687788 0.433244 0.58245
-0.713456 0.366371 0.597288
-0.727813 0.334143 0.598862
-0.770623 0.258545 0.58249
-0.768813 0.249271 0.58889
-0.789271 0.160432 0.592716
-0.792986 0.116675 0.597964
-0.805345 0.0828717 0.586986
-0.800442 0.0342315 0.598431
-0.799932 -0.0278594 0.599443
-0.800729 -0.0800659 0.593651
-0.790021 -0.145356 0.5956
-0.777444 -0.197257 0.597218
-0.779756 -0.222669 0.585149
-0.759859 -0.257392 0.596963
-0.745092 -0.296594 0.597386
-0.721427 -0.35434 0.594967
-0.699594 -0.402458 0.59042
-0.670888 -0.447024 0.591675
-0.61912 -0.510334 0.596867
-0.603452 -0.533422 0.592711
-0.57501 -0.572577 0.584396
-0.533592 -0.59997 0.596083
-0.506884 -0.634675 0.583315
-0.440496 -0.680995 0.584986
-0.432239 -0.687586 0.583433
-0.386455 -0.708046 0.591035
-0.319216 -0.74891 0.58072
-0.261213 -0.756202 0.599939
-0.239861 -0.763421 0.599713
-0.19506 -0.789516 0.581907
-0.14267 -0.789971 0.596314
-0.0676233 -0.803263 0.591773
-0.00873869 -0.806841 0.590704
0.0312411 -0.799657 0.599644
0.0704099 -0.808686 0.584012
0.129441 -0.791614 0.597154
0.169159 -0.794645 0.58303
0.232045 -0.765772 0.59979
0.286507 -0.756612 0.587752
0.318155 -0.742788 0.589103
0.390958 -0.711885 0.583414
0.423655 -0.687138 0.590218
0.454156 -0.668981 0.588393
0.49865 -0.635016 0.590002
0.531709 -0.610448 0.587059
0.585195 -0.561322 0.585204
0.594447 -0.547693 0.588783
0.622883 -0.513605 0.590107
0.67386 -0.457187 0.580424
0.703906 -0.39985 0.587058
0.731081 -0.355909 0.582107
0.743883 -0.308503 0.592844
0.752226 -0.277871 0.597448
0.777606 -0.213254 0.591482
0.787453 -0.151717 0.59741
0.796106 -0.102667 0.596385
0.811259 -0.0679607 0.580725
0.810731 -0.0232277 0.584958
0.816811 0.0129322 0.576761
0.811317 0.0926175 0.577223
0.810369 0.148191 0.56687
0.806815 0.165357 0.567193
0.787687 0.209381 0.579404
0.77788 0.253212 0.575141
0.747694 0.345552 0.567051
0.734616 0.376755 0.564265
0.718549 0.403568 0.56641
0.668083 0.473127 0.574296
0.64263 0.512269 0.569743
0.611927 0.54929 0.569058
0.574363 0.591049 0.566364
0.538619 0.622327 0.567978
0.508676 0.643438 0.572046
0.456856 0.677694 0.576206
0.426598 0.703923 0.567897
0.383086 0.724807 0.572626
0.347674 0.739941 0.575856
0.290955 0.768093 0.57042
0.216882 0.787335 0.577118
0.163808 0.801524 0.575088
0.152607 0.808926 0.567759
0.0877808 0.81461 0.573328
0.0195692 0.81689 0.576462
-0.0353547 0.815252 0.578026
-0.0845692 0.814898 0.573402
-0.103283 0.812769 0.573358
-0.200564 0.794976 0.572527
-0.243292 0.787073 0.566855
-0.294038 0.764038 0.574272
-0.343778 0.743675 0.573379
-0.380065 0.723333 0.576489
-0.41059 0.706089 0.576935
-0.469102 0.678076 0.565824
-0.518907 0.639188 0.567604
-0.55599 0.602198 0.572917
-0.59921 0.565094 0.567112
-0.636567 0.528097 0.562046
-0.632921 0.518619 0.574844
-0.676475 0.468705 0.568064
-0.721367 0.400912 0.564712
-0.716249 0.388125 0.579955
-0.757002 0.334614 0.561232
-0.7685 0.27147 0.579406
-0.781593 0.236899 0.577054
-0.800834 0.180153 0.571147
-0.80842 0.121894 0.575846
-0.812811 0.0840051 0.576439
-0.81461 0.00578968 0.579981
-0.82777 -0.032301 0.560137
-0.821997 -0.0697525 0.565204
-0.812252 -0.122597 0.570278
-0.800603 -0.172829 0.573729
-0.786145 -0.232222 0.572756
-0.764185 -0.300288 0.570831
-0.765064 -0.31537 0.561444
-0.726399 -0.395195 0.562286
-0.696419 -0.43124 0.573614
-0.681665 -0.453867 0.57388
-0.649818 -0.501004 0.571604
-0.605469 -0.558804 0.566697
-0.571309 -0.598726 0.561367
-0.55813 -0.602619 0.570388
-0.50206 -0.645707 0.575324
-0.477343 -0.677102 0.560068
-0.404935 -0.708517 0.577954
-0.369409 -0.73507 0.568515
-0.305854 -0.756865 0.577588
-0.281357 -0.778855 0.560556
-0.232508 -0.787469 0.570817
-0.184746 -0.799775 0.571164
-0.137675 -0.812179 0.566931
-0.0528307 -0.817388 0.57366
-0.0193449 -0.816538 0.576967
0.029405 -0.818633 0.573564
0.10157 -0.809353 0.578474
0.103271 -0.814202 0.571323
0.201259 -0.801715 0.562804
0.207648 -0.789434 0.577647
0.259049 -0.778215 0.572079
0.325243 -0.751806 0.573589
0.393357 -0.726853 0.562987
0.435908 -0.689633 0.578265
0.444924 -0.695381 0.564348
0.492607 -0.656802 0.57092
0.558423 -0.602516 0.570208
0.569044 -0.59516 0.567427
0.628325 -0.52342 0.575533
0.641023 -0.505342 0.577684
0.678534 -0.465033 0.568627
0.716303 -0.41486 0.561072
0.728333 -0.378032 0.57151
0.751505 -0.337369 0.566941
0.77498 -0.264214 0.574105
0.790074 -0.219302 0.572442
0.809203 -0.170314 0.562302
0.809038 -0.115894 0.576217
0.818111 -0.0889732 0.568135
0.823864 -0.0323263 0.565865
0.832938 0.00841379 0.553303
0.831217 0.0957046 0.547649
0.821011 0.116648 0.558868
0.823446 0.172142 0.54065
0.803871 0.210888 0.556163
0.782955 0.296446 0.546902
0.7646 0.336667 0.549583
0.732143 0.399231 0.55189
0.735856 0.408067 0.540368
0.694283 0.457705 0.555407
0.659813 0.518983 0.543419
0.62349 0.564756 0.540657
0.601311 0.575884 0.55388
0.535989 0.639611 0.551011
0.525448 0.648005 0.551356
0.456144 0.696035 0.554498
0.40609 0.727015 0.55366
0.385611 0.742168 0.54817
0.326952 0.763286 0.557223
0.291945 0.784624 0.54693
0.243185 0.800926 0.547156
0.1981 0.805728 0.558175
0.131652 0.830129 0.541806
0.05777 0.827941 0.557832
0.0347559 0.835168 0.548895
-0.0200584 0.830507 0.556647
-0.0599096 0.838829 0.541088
-0.117005 0.821527 0.558035
-0.184018 0.811802 0.554179
-0.242872 0.794219 0.556983
-0.280135 0.789617 0.545921
-0.308419 0.775992 0.550195
-0.358438 0.751676 0.553629
-0.422503 0.718795 0.55211
-0.450621 0.705356 0.547186
-0.505098 0.669838 0.544237
-0.565791 0.611729 0.552873
-0.58131 0.598656 0.551081
-0.627118 0.549083 0.552476
-0.669869 0.491111 0.556853
-0.689743 0.479923 0.542152
-0.725603 0.408574 0.553685
-0.741606 0.382928 0.550805
-0.76656 0.317476 0.558207
-0.786693 0.297804 0.540765
-0.804056 0.224548 0.55052
-0.822161 0.15875 0.546672
-0.830907 0.105765 0.546267
-0.823095 0.0997191 0.55908
-0.834243 0.0164255 0.551152
-0.830146 -0.0120259 0.557417
-0.837613 -0.0784081 0.540608
-0.820434 -0.125486 0.557801
-0.818422 -0.182191 0.544969
-0.801579 -0.255385 0.540601
-0.778132 -0.300325 0.551648
-0.758312 -0.341436 0.555323
-0.741795 -0.389399 0.545992
-0.707005 -0.435702 0.557053
-0.701451 -0.45193 0.551113
-0.641385 -0.52508 0.55939
-0.622251 -0.562423 0.544503
-0.595514 -0.592639 0.542348
-0.536764 -0.642941 0.546362
-0.527667 -0.648078 0.549147
-0.462786 -0.697036 0.547695
-0.420327 -0.719461 0.552903
-0.378726 -0.739243 0.556854
-0.309397 -0.768559 0.559992
-0.261384 -0.799386 0.540981
-0.240812 -0.804027 0.543645
-0.20614 -0.813806 0.543346
-0.128117 -0.819917 0.557963
-0.0920393 -0.833306 0.545097
-0.0423929 -0.831744 0.553538
0.0185112 -0.833086 0.552833
0.0590407 -0.827844 0.557843
0.154883 -0.814581 0.55899
0.194356 -0.813514 0.548107
0.21607 -0.81238 0.541619
0.286181 -0.789555 0.542866
0.319274 -0.776097 0.543818
0.398366 -0.728263 0.557617
0.408959 -0.730835 0.546474
0.477723 -0.690999 0.542495
0.516445 -0.649381 0.558202
0.573131 -0.616303 0.540085
0.577639 -0.60761 0.545108
0.625672 -0.55232 0.550887
0.66715 -0.499031 0.553063
0.698703 -0.461785 0.546415
0.722161 -0.409684 0.557354
0.740328 -0.395994 0.543233
0.768397 -0.336365 0.544449
0.794337 -0.274943 0.541696
0.806758 -0.219512 0.548595
0.810169 -0.187554 0.555382
0.829815 -0.139457 0.540332
0.830172 -0.0700766 0.553085
0.833764 -0.0408413 0.550608
0.844797 0.0297103 0.534261
0.850348 0.0686838 0.52172
0.835973 0.14096 0.530359
0.820721 0.207305 0.532393
0.806625 0.246886 0.537032
0.794294 0.304576 0.525671
0.769918 0.353398 0.531352
0.762323 0.374689 0.527704
0.727687 0.423736 0.539369
0.689762 0.497624 0.525927
0.673216 0.507049 0.538221
0.644458 0.555329 0.525627
0.593297 0.608555 0.526934
0.541921 0.654989 0.526602
0.533693 0.65676 0.532765
0.468116 0.702852 0.535599
0.449641 0.72189 0.52602
0.402562 0.752407 0.521371
0.34744 0.777532 0.524146
0.263526 0.800946 0.537625
0.217873 0.813495 0.539219
0.187205 0.830495 0.524625
0.139157 0.838821 0.526321
0.0686085 0.848235 0.525158
0.0296421 0.850905 0.524483
-0.0461654 0.848762 0.526755
-0.0737191 0.847528 0.525606
-0.125378 0.834659 0.536307
-0.202109 0.818132 0.538342
-0.23331 0.813601 0.532559
-0.293958 0.801913 0.520119
-0.344097 0.769423 0.538132
-0.363459 0.769267 0.525477
-0.434891 0.733378 0.522519
-0.496928 0.684609 0.533266
-0.514192 0.673689 0.530802
-0.552501 0.648656 0.523439
-0.603119 0.602211 0.523057
-0.640281 0.558133 0.527757
-0.66368 0.522323 0.53545
-0.707877 0.456143 0.539299
-0.734022 0.418387 0.534943
-0.751488 0.386628 0.534588
-0.770826 0.342023 0.537444
-0.795402 0.286373 0.534159
-0.814611 0.248587 0.524036
-0.826817 0.163568 0.538162
-0.845899 0.116702 0.520418
-0.850933 0.0614226 0.52167
-0.845019 0.0396815 0.533262
-0.851216 -0.0426509 0.52308
-0.844908 -0.0892001 0.527422
-0.831822 -0.130464 0.539491
-0.822091 -0.191236 0.536279
-0.810314 -0.230651 0.538694
-0.799127 -0.265234 0.539488
-0.780584 -0.324964 0.533935
-0.757686 -0.390499 0.522898
-0.718744 -0.455046 0.525681
-0.720219 -0.457572 0.521453
-0.662447 -0.529053 0.530346
-0.631524 -0.562045 0.534119
-0.609157 -0.592035 0.527657
-0.558557 -0.636265 0.532147
-0.50719 -0.673706 0.537474
-0.457536 -0.718198 0.524264
-0.435694 -0.727893 0.529474
-0.383346 -0.758446 0.527072
-0.322284 -0.789605 0.522165
-0.263002 -0.802063 0.536213
-0.250183 -0.806906 0.535081
-0.18122 -0.822677 0.538853
-0.110896 -0.840632 0.530132
-0.0946733 -0.837908 0.537539
-0.0508554 -0.851371 0.522092
0.0200586 -0.8442 0.535654
0.0807318 -0.847587 0.52448
0.127869 -0.843958 0.520946
0.17767 -0.832786 0.524309
0.259126 -0.812976 0.521463
0.296045 -0.788905 0.538503
0.343631 -0.780437 0.522337
0.384254 -0.750691 0.537413
0.407396 -0.73873 0.536942
0.468711 -0.704611 0.53276
0.527926 -0.671147 0.520438
0.542446 -0.652736 0.528856
0.579486 -0.613173 0.536856
0.63239 -0.573236 0.521041
0.67868 -0.503369 0.534801
0.698924 -0.47645 0.533386
0.716044 -0.44771 0.535571
0.752847 -0.403218 0.520228
0.783917 -0.323374 0.530002
0.796762 -0.291003 0.529611
0.817916 -0.232381 0.52632
0.823915 -0.18052 0.537193
0.831769 -0.144106 0.536091
0.838368 -0.087317 0.538066
0.844879 -0.0287456 0.534184
0.8623 0.0145698 0.506188
0.85235 0.066961 0.518667
0.849482 0.119476 0.513913
0.839923 0.174069 0.514033
0.825183 0.243018 0.509918
0.798489 0.306597 0.518086
0.788159 0.330369 0.519289
0.782431 0.369635 0.501169
0.741906 0.435084 0.510174
0.72891 0.463271 0.504054
0.68371 0.529053 0.502638
0.66344 0.549441 0.507899
0.592885 0.615706 0.519031
0.581293 0.630439 0.514437
0.521696 0.678616 0.517024
0.468879 0.722612 0.507923
0.43189 0.748476 0.503243
0.405295 0.753091 0.518257
0.349155 0.791185 0.502112
0.296096 0.80627 0.512109
0.241941 0.830867 0.501124
0.161678 0.841601 0.515333
0.152526 0.850217 0.503852
0.0911378 0.849333 0.519931
0.0107854 0.861481 0.507675
-0.0261066 0.857506 0.513811
-0.102909 0.851378 0.514359
-0.125492 0.850886 0.510143
-0.202503 0.838605 0.505701
-0.258709 0.820044 0.510487
-0.269294 0.814927 0.513201
-0.326473 0.7984 0.505937
-0.405809 0.761771 0.504999
-0.443457 0.734548 0.5136
-0.490814 0.701674 0.516484
-0.507555 0.687663 0.519141
-0.557423 0.650479 0.515904
-0.586018 0.623086 0.518022
-0.630389 0.58439 0.510977
-0.663351 0.544054 0.513782
-0.719001 0.480725 0.501937
-0.732104 0.452747 0.508963
-0.755299 0.412472 0.509304
-0.784129 0.354062 0.509687
-0.821459 0.267406 0.503686
-0.816218 0.256406 0.51773
-0.83798 0.16988 0.518585
-0.850159 0.117139 0.51333
-0.858358 0.0727934 0.507861
-0.859682 0.0117354 0.510695
-0.858167 -0.0274118 0.512639
-0.860675 -0.0853362 0.501953
-0.856705 -0.108296 0.50431
-0.843446 -0.173876 0.508298
-0.815266 -0.259021 0.517927
-0.815729 -0.26543 0.513938
-0.781792 -0.359215 0.509672
-0.773799 -0.367168 0.516161
-0.738619 -0.449922 0.502008
-0.702884 -0.49171 0.51398
-0.684355 -0.524975 0.506023
-0.638716 -0.582628 0.50258
-0.617111 -0.59461 0.515377
-0.5557 -0.657981 0.508191
-0.548643 -0.667939 0.50284
-0.496486 -0.704174 0.507583
-0.437169 -0.741677 0.508722
-0.399421 -0.765784 0.504021
-0.347475 -0.787185 0.509511
-0.28518 -0.812578 0.508319
-0.21915 -0.829077 0.514398
-0.17229 -0.84437 0.507303
-0.117478 -0.854993 0.505159
-0.0736743 -0.861114 0.503046
-0.04601 -0.859351 0.509313
0.012578 -0.858379 0.512861
0.0663578 -0.858361 0.508736
0.149205 -0.841069 0.519944
0.192377 -0.837563 0.511351
0.229501 -0.830617 0.507351
0.279363 -0.815405 0.507021
0.327391 -0.795645 0.50967
0.383041 -0.773814 0.50447
0.428931 -0.746435 0.508776
0.468791 -0.724009 0.50601
0.550647 -0.667357 0.50142
0.567699 -0.638741 0.519353
0.620967 -0.599918 0.504478
0.64865 -0.562955 0.512187
0.692701 -0.508281 0.51168
0.722304 -0.472976 0.50455
0.73233 -0.443367 0.516836
0.752646 -0.403909 0.519982
0.783932 -0.343144 0.5174
0.81685 -0.278957 0.504915
0.827073 -0.245752 0.505525
0.830629 -0.199955 0.519686
0.85327 -0.119131 0.50768
0.855194 -0.0983764 0.508886
0.854361 -0.0400106 0.518137
0.869716 0.001211 0.493552
0.865575 0.0738573 0.495304
0.865731 0.10997 0.488279
0.840572 0.21451 0.497418
0.837865 0.245999 0.487306
0.826106 0.291988 0.481966
0.807385 0.323187 0.493639
0.783594 0.388095 0.485142
0.737043 0.459528 0.495582
0.708317 0.512937 0.484955
0.690801 0.534173 0.487293
0.647366 0.581745 0.492432
0.598615 0.637009 0.485675
0.585362 0.645088 0.491134
0.53043 0.687069 0.496569
0.490425 0.721051 0.489457
0.431659 0.758101 0.488828
0.414837 0.771101 0.483026
0.323156 0.812889 0.484543
0.298562 0.814421 0.497574
0.268257 0.829691 0.489541
0.172584 0.858047 0.483704
0.132519 0.856793 0.498342
0.0923158 0.86294 0.496802
0.00480905 0.870928 0.491387
-0.00360516 0.869216 0.494419
-0.0904841 0.865745 0.492238
-0.115244 0.866519 0.485658
-0.172301 0.856258 0.486964
-0.259742 0.830664 0.492474
-0.316777 0.81449 0.486063
-0.333078 0.803346 0.493654
-0.380176 0.78651 0.486692
-0.440259 0.751072 0.491999
-0.488672 0.716986 0.497122
-0.543868 0.686177 0.483083
-0.583385 0.648406 0.489112
-0.621374 0.611512 0.489844
-0.657511 0.567475 0.495632
-0.697582 0.530712 0.481377
-0.712674 0.503545 0.488404
-0.765152 0.422658 0.485699
-0.778654 0.400935 0.482649
-0.795981 0.343303 0.498555
-0.820203 0.29829 0.488149
-0.832119 0.253742 0.493146
-0.850963 0.181249 0.49296
-0.856954 0.162503 0.489104
-0.873433 0.0579918 0.483479
-0.871222 0.00164523 0.490887
-0.871186 -0.0165048 0.490676
-0.871494 -0.0554117 0.487265
-0.868906 -0.117795 0.480757
-0.855887 -0.173354 0.487242
-0.839385 -0.247817 0.483756
-0.825635 -0.290934 0.483408
-0.801909 -0.34969 0.484416
-0.771626 -0.402168 0.492802
-0.756779 -0.443215 0.480465
-0.715721 -0.490973 0.496678
-0.691846 -0.537264 0.482386
-0.666518 -0.568007 0.482826
-0.617456 -0.610011 0.496623
-0.554068 -0.669316 0.494999
-0.524307 -0.694277 0.493034
-0.478454 -0.734851 0.480703
-0.436117 -0.748295 0.499857
-0.37423 -0.791316 0.483498
-0.34916 -0.80174 0.485077
-0.290944 -0.817521 0.497003
-0.216547 -0.838896 0.49936
-0.174486 -0.859186 0.480993
-0.146666 -0.85957 0.489518
-0.0819456 -0.867387 0.490841
-0.0206525 -0.874186 0.485151
0.0339308 -0.86617 0.498597
0.104884 -0.861191 0.497342
0.126201 -0.866543 0.482884
0.16867 -0.853319 0.493354
0.252021 -0.832095 0.494068
0.284086 -0.827806 0.483769
0.362132 -0.792884 0.490097
0.388749 -0.784753 0.482739
0.450535 -0.750021 0.484239
0.511479 -0.709794 0.484336
0.545451 -0.675146 0.496649
0.563602 -0.671091 0.481652
0.615128 -0.619669 0.487472
0.63802 -0.592808 0.491436
0.681412 -0.551515 0.481154
0.707526 -0.513201 0.485831
0.762527 -0.429158 0.484124
0.784786 -0.390619 0.481174
0.791327 -0.355884 0.497139
0.821741 -0.299371 0.48489
0.842977 -0.241061 0.480915
0.852312 -0.193362 0.485979
0.86026 -0.132702 0.492284
0.86898 -0.100146 0.484608
0.867675 -0.0243855 0.496534
0.878287 0.0188124 0.477764
0.879414 0.0569478 0.472639
0.866658 0.165011 0.470825
0.85617 0.213358 0.470587
0.844589 0.240376 0.478424
0.820496 0.312237 0.478847
0.801411 0.368017 0.471491
0.791009 0.394735 0.467428
0.751979 0.462219 0.469979
0.738785 0.485725 0.467191
0.691775 0.543218 0.475775
0.649258 0.602997 0.463528
0.631892 0.609227 0.479119
0.570393 0.673282 0.470472
0.533652 0.701509 0.472335
0.495557 0.728702 0.47267
0.440627 0.770762 0.460189
0.403341 0.785412 0.469515
0.326087 0.822831 0.46542
0.282314 0.834452 0.473274
0.251618 0.845017 0.471842
0.174664 0.866243 0.468098
0.152721 0.866581 0.475093
0.0691991 0.87672 0.475997
0.00889405 0.887825 0.460095
-0.0113832 0.877227 0.479941
-0.100996 0.876174 0.471295
-0.13631 0.867926 0.477624
-0.196578 0.855363 0.479282
-0.241339 0.846727 0.47414
-0.30635 0.824881 0.475101
-0.338706 0.819815 0.461716
-0.397167 0.786996 0.472118
-0.432153 0.771884 0.466303
-0.473566 0.744029 0.471333
-0.558676 0.689208 0.461382
-0.584197 0.660466 0.471697
-0.631723 0.619109 0.466509
-0.677677 0.569668 0.465007
-0.704891 0.529599 0.471862
-0.729091 0.501552 0.465694
-0.753733 0.468393 0.460971
-0.772872 0.420458 0.475273
-0.806228 0.362671 0.467403
-0.8398 0.277374 0.46669
-0.855648 0.224832 0.466173
-0.863523 0.187016 0.468352
-0.871766 0.111439 0.47708
-0.875382 0.0644204 0.47912
-0.877881 0.0288415 0.478009
-0.886378 -0.0016957 0.462959
-0.877934 -0.0700495 0.473629
-0.867693 -0.165132 0.468872
-0.868096 -0.182966 0.461446
-0.853868 -0.238477 0.462644
-0.824365 -0.301661 0.47898
-0.823037 -0.326008 0.465112
-0.776168 -0.42548 0.465327
-0.759591 -0.440471 0.478547
-0.720363 -0.505479 0.474941
-0.680301 -0.558798 0.474273
-0.649554 -0.599971 0.467028
-0.612848 -0.635967 0.469002
-0.582195 -0.668275 0.463095
-0.522078 -0.713363 0.467491
-0.49456 -0.725517 0.478577
-0.457141 -0.760899 0.460495
-0.400327 -0.789567 0.465105
-0.341268 -0.812667 0.472344
-0.313228 -0.829031 0.463245
-0.224123 -0.848236 0.47986
-0.17963 -0.867792 0.463325
-0.135016 -0.876449 0.462177
-0.0575865 -0.883248 0.465357
-0.000828799 -0.887201 0.461383
0.0120763 -0.884723 0.465961
0.0751952 -0.883994 0.461411
0.136257 -0.867573 0.47828
0.214883 -0.852176 0.477097
0.259276 -0.838916 0.478536
0.281623 -0.840715 0.462479
0.367217 -0.799682 0.475036
0.425058 -0.773994 0.469318
0.468395 -0.74666 0.47234
0.484207 -0.740095 0.466693
0.546293 -0.688745 0.476649
0.560007 -0.676823 0.47781
0.603695 -0.64282 0.471525
0.649862 -0.598388 0.468628
0.701284 -0.544009 0.460712
0.731967 -0.486338 0.477179
0.749291 -0.470869 0.465666
0.789252 -0.383414 0.479661
0.802929 -0.367888 0.469002
0.835108 -0.29338 0.465321
0.853684 -0.24163 0.461345
0.860123 -0.210449 0.46465
0.869605 -0.148866 0.470773
0.876845 -0.0637798 0.476523
0.879601 -0.00888774 0.475629
0.888331 0.0215523 0.458697
0.890714 0.0658568 0.449769
0.876764 0.163561 0.452254
0.862383 0.218879 0.456496
0.858964 0.228596 0.458175
0.844776 0.288183 0.450892
0.829544 0.338862 0.44388
0.785543 0.420545 0.453943
0.762414 0.474006 0.440503
0.735911 0.514366 0.440299
0.690832 0.565523 0.450483
0.677909 0.578502 0.453623
0.617411 0.639544 0.458025
0.600385 0.6617 0.4491
0.536335 0.715598 0.447508
0.490933 0.74124 0.457764
0.446826 0.769084 0.457008
0.405223 0.799875 0.442713
0.378474 0.809513 0.448827
0.294551 0.842977 0.450143
0.224077 0.861089 0.456416
0.16887 0.880798 0.442355
0.156444 0.875291 0.457593
0.106992 0.889697 0.443837
0.0115419 0.888236 0.459243
-0.0289171 0.8956 0.44392
-0.0631004 0.892916 0.44578
-0.157292 0.88168 0.444858
-0.184783 0.877807 0.441939
-0.249442 0.853049 0.458352
-0.284883 0.841693 0.458688
-0.33885 0.823141 0.455653
-0.385741 0.808937 0.443649
-0.449863 0.774362 0.444958
-0.48794 0.74333 0.457575
-0.535535 0.708577 0.459478
-0.605439 0.652215 0.456136
-0.622509 0.637265 0.454287
-0.651543 0.604654 0.458132
-0.692046 0.562963 0.451824
-0.73258 0.517429 0.44226
-0.772709 0.450579 0.447101
-0.791706 0.409552 0.453287
-0.812799 0.367688 0.451844
-0.841971 0.303715 0.445918
-0.86424 0.235277 0.444673
-0.878854 0.168582 0.446313
-0.886813 0.140349 0.440301
-0.885799 0.0704378 0.458692
-0.895628 0.0458087 0.442438
-0.896373 -0.0509801 0.440359
-0.890465 -0.0658749 0.450258
-0.882585 -0.155337 0.443749
-0.866161 -0.216944 0.450223
-0.854563 -0.2716 0.442669
-0.830888 -0.314178 0.459256
-0.811845 -0.362402 0.457792
-0.795723 -0.40205 0.452969
-0.757544 -0.464836 0.458317
-0.730907 -0.516321 0.446305
-0.705296 -0.543621 0.455009
-0.65395 -0.609009 0.44884
-0.629295 -0.632703 0.451304
-0.590131 -0.669394 0.451284
-0.55417 -0.697436 0.454399
-0.514018 -0.732555 0.446261
-0.468727 -0.756762 0.455638
-0.428409 -0.782838 0.451253
-0.334249 -0.832911 0.441064
-0.287292 -0.850144 0.441269
-0.224323 -0.867736 0.443524
-0.171089 -0.877172 0.448661
-0.116666 -0.886953 0.446882
-0.0705277 -0.889025 0.452394
-0.0525358 -0.893268 0.446443
0.0520226 -0.891798 0.449434
0.0609187 -0.891111 0.449677
0.165298 -0.881265 0.442775
0.183947 -0.875205 0.447414
0.27097 -0.850409 0.450976
0.283676 -0.847951 0.447781
0.370142 -0.809035 0.456571
0.40998 -0.791215 0.453756
0.444677 -0.778579 0.442806
0.51582 -0.729423 0.449301
0.538419 -0.70699 0.458552
0.598215 -0.666686 0.4446
0.627042 -0.63291 0.45414
0.676702 -0.583621 0.448844
0.693793 -0.55686 0.456682
0.746667 -0.494222 0.445233
0.75864 -0.464601 0.45674
0.785683 -0.430373 0.444389
0.81482 -0.358095 0.455891
0.841462 -0.293622 0.453573
0.862249 -0.2253 0.453615
0.874282 -0.195963 0.444104
0.880887 -0.16191 0.444772
0.885612 -0.0769229 0.458011
0.891438 -0.02048 0.452681
0.901697 0.0248413 0.431654
0.904937 0.0676351 0.420136
0.8895 0.128661 0.438447
0.880424 0.204682 0.427736
0.866557 0.268325 0.42081
0.848863 0.317585 0.422578
0.838478 0.33406 0.430533
0.814486 0.399262 0.420953
0.783092 0.440675 0.438831
0.751815 0.502674 0.426724
0.698544 0.576633 0.423711
0.671767 0.600486 0.433758
0.655091 0.620889 0.430526
0.595278 0.681501 0.425676
0.573053 0.70003 0.426109
0.523887 0.731833 0.435848
0.474207 0.768493 0.429589
0.404042 0.805221 0.434016
0.336922 0.837472 0.43026
0.3078 0.84602 0.435327
0.273879 0.862189 0.426169
0.214636 0.873421 0.437112
0.163148 0.884432 0.437221
0.10195 0.896274 0.431624
0.0518743 0.898979 0.434909
-0.00391841 0.903554 0.428456
-0.106426 0.892316 0.438686
-0.143709 0.893029 0.426435
-0.19202 0.886624 0.420744
-0.259365 0.860875 0.437748
-0.296132 0.852645 0.430467
-0.385344 0.819275 0.424615
-0.388001 0.815424 0.42958
-0.435775 0.79173 0.428093
-0.525409 0.739745 0.420383
-0.560774 0.707 0.430909
-0.603969 0.676542 0.421323
-0.62322 0.657611 0.423255
-0.669364 0.608607 0.426086
-0.726964 0.531648 0.434597
-0.756313 0.49021 0.433226
-0.770347 0.46185 0.439614
-0.81146 0.400851 0.425267
-0.836855 0.349756 0.421124
-0.836941 0.327943 0.438159
-0.866743 0.247762 0.432864
-0.87507 0.217308 0.432469
-0.895583 0.119 0.428683
-0.893894 0.103737 0.43611
-0.905431 0.0469567 0.421889
-0.907202 -0.0205287 0.420195
-0.899495 -0.109276 0.423046
-0.894266 -0.152312 0.420819
-0.883673 -0.206566 0.420063
-0.874576 -0.240262 0.421179
-0.854548 -0.294365 0.427899
-0.822352 -0.363517 0.437713
-0.79673 -0.428341 0.426316
-0.771921 -0.464932 0.433562
-0.749844 -0.503687 0.428992
-0.700338 -0.572525 0.426312
-0.696915 -0.581048 0.420348
-0.633274 -0.637141 0.439335
-0.611454 -0.670095 0.42083
-0.53807 -0.727441 0.425807
-0.497535 -0.752256 0.431938
-0.470304 -0.767554 0.435517
-0.426362 -0.797146 0.42752
-0.353853 -0.835049 0.421284
-0.286634 -0.859481 0.423242
-0.256019 -0.869578 0.422242
-0.223581 -0.871297 0.436867
-0.121543 -0.890399 0.438654
-0.0915558 -0.901522 0.422936
-0.0338117 -0.901898 0.430624
0.00871695 -0.905649 0.423938
0.100883 -0.895352 0.433783
0.132089 -0.890339 0.435717
0.178469 -0.883394 0.433316
0.227104 -0.874504 0.428563
0.329391 -0.835791 0.439266
0.346949 -0.836 0.425125
0.402003 -0.805448 0.435485
0.442686 -0.786234 0.43112
0.499714 -0.757427 0.420227
0.567257 -0.69663 0.439232
0.585342 -0.690162 0.425502
0.652577 -0.629047 0.422425
0.682447 -0.584205 0.439284
0.711114 -0.551267 0.436373
0.758852 -0.48262 0.437289
0.776836 -0.462958 0.426844
0.816087 -0.392073 0.424596
0.821898 -0.380192 0.42419
0.842655 -0.311635 0.439108
0.856831 -0.273571 0.437035
0.884141 -0.174885 0.433255
0.890772 -0.137472 0.433158
0.897907 -0.0686174 0.434804
0.903945 -0.0427187 0.425509
0.907109 0.0435158 0.418639
0.902917 0.102147 0.417501
0.908897 0.115035 0.400842
0.884259 0.226668 0.408299
0.873498 0.269711 0.405287
0.850711 0.328882 0.410033
0.846775 0.34491 0.404982
0.810656 0.414407 0.413648
0.792509 0.44272 0.419438
0.768806 0.492838 0.40749
0.71076 0.57117 0.410592
0.670062 0.614161 0.416921
0.646151 0.64583 0.406685
0.583919 0.69915 0.412587
0.575925 0.704712 0.414357
0.51806 0.747077 0.416521
0.475828 0.781863 0.402838
0.396447 0.817817 0.417138
0.34951 0.840529 0.413948
0.334732 0.851408 0.403805
0.264992 0.872692 0.410108
0.214021 0.890361 0.401811
0.158053 0.89796 0.410715
0.0864978 0.910364 0.404667
0.0347672 0.909932 0.413297
-0.0461738 0.9115 0.4087
-0.0979902 0.903756 0.416681
-0.161604 0.898685 0.407736
-0.225289 0.881157 0.4157
-0.254946 0.87812 0.404855
-0.330696 0.845911 0.41842
-0.386388 0.82961 0.403053
-0.437743 0.797387 0.415398
-0.467054 0.786057 0.404938
-0.516748 0.753948 0.405628
-0.546328 0.731155 0.408581
-0.604508 0.687385 0.402581
-0.637969 0.65132 0.410825
-0.675026 0.616137 0.405851
-0.706579 0.581355 0.40345
-0.751756 0.518349 0.407648
-0.795911 0.45176 0.403037
-0.808521 0.41444 0.417771
-0.834013 0.371761 0.407695
-0.855197 0.315654 0.411097
-0.879024 0.253932 0.403529
-0.890468 0.189028 0.413927
-0.900812 0.140719 0.410774
-0.907786 0.102276 0.406774
-0.907448 0.0353731 0.418672
-0.913825 -0.0366139 0.404455
-0.908029 -0.0943738 0.408138
-0.90107 -0.116815 0.417645
-0.890031 -0.218129 0.400332
-0.868807 -0.270925 0.414455
-0.853285 -0.331334 0.402645
-0.829626 -0.372453 0.415931
-0.818865 -0.405305 0.406433
-0.788485 -0.45261 0.416455
-0.751444 -0.519173 0.407174
-0.723098 -0.558338 0.406679
-0.663726 -0.620904 0.417069
-0.638232 -0.646942 0.417285
-0.590319 -0.695327 0.409932
-0.557606 -0.725409 0.403555
-0.506308 -0.755124 0.416461
-0.449587 -0.790528 0.415857
-0.421936 -0.806045 0.415045
-0.377503 -0.833445 0.403561
-0.329318 -0.847149 0.416999
-0.279594 -0.86379 0.419158
-0.214194 -0.891081 0.40012
-0.133221 -0.904413 0.405326
-0.0623998 -0.910492 0.408792
-0.0459371 -0.915065 0.400681
0.0362207 -0.911666 0.409333
0.0962507 -0.908491 0.406669
0.159925 -0.898881 0.407967
0.176446 -0.892899 0.414245
0.233156 -0.882702 0.408013
0.324365 -0.854133 0.406503
0.383003 -0.829836 0.405809
0.437455 -0.800808 0.409072
0.456445 -0.786585 0.415862
0.504299 -0.756594 0.41623
0.546569 -0.729815 0.410649
0.600773 -0.684771 0.412505
0.628735 -0.660455 0.410478
0.663882 -0.620566 0.417322
0.703015 -0.574192 0.419611
0.754098 -0.508837 0.415236
0.798431 -0.445183 0.405363
0.806152 -0.421433 0.415346
0.839235 -0.361889 0.405859
0.853824 -0.31918 0.411228
0.870546 -0.276011 0.40739
0.884378 -0.207035 0.418346
0.906326 -0.136019 0.40009
0.904453 -0.102592 0.414052
0.916015 -0.0296016 0.40005
0.920923 0.0269146 0.388813
0.915832 0.111845 0.385671
0.915624 0.126943 0.381469
0.899986 0.175228 0.399148
0.888748 0.231886 0.395418
0.864279 0.309155 0.396793
0.836694 0.386818 0.387704
0.810172 0.435337 0.392559
0.802654 0.446473 0.395485
0.755281 0.52477 0.392642
0.708809 0.586259 0.392289
0.69368 0.609106 0.384444
0.638883 0.66121 0.393231
0.600767 0.693277 0.398052
0.585224 0.716061 0.380486
0.514082 0.76004 0.397566
0.452037 0.802804 0.388803
0.418622 0.819862 0.390618
0.363481 0.841649 0.399386
0.325095 0.861942 0.389062
0.245531 0.888123 0.388526
0.218873 0.896391 0.385458
0.167058 0.906388 0.388011
0.0676163 0.914332 0.399281
0.0343799 0.917419 0.396435
-0.0326095 0.920148 0.39021
-0.0731782 0.917069 0.391955
-0.157098 0.903235 0.399359
-0.179122 0.899202 0.399188
-0.229647 0.890635 0.392468
-0.311024 0.864195 0.395514
-0.380908 0.838814 0.388974
-0.392536 0.831416 0.393271
-0.461118 0.794777 0.394589
-0.532819 0.751335 0.389359
-0.546814 0.742205 0.387462
-0.602721 0.696428 0.389506
-0.634345 0.66504 0.394116
-0.68388 0.616017 0.390937
-0.735207 0.560623 0.381015
-0.761214 0.521614 0.38532
-0.779453 0.485346 0.396096
-0.8147 0.432852 0.385879
-0.853565 0.353768 0.38246
-0.860303 0.324861 0.392866
-0.887673 0.253002 0.384741
-0.898293 0.211831 0.384963
-0.90432 0.167315 0.392697
-0.916031 0.078716 0.393308
-0.920404 0.00771132 0.390892
-0.920405 -0.00476125 0.390937
-0.917628 -0.114626 0.380552
-0.910958 -0.130618 0.391273
-0.890143 -0.221973 0.397961
-0.891935 -0.232072 0.388065
-0.869813 -0.302741 0.389582
-0.839961 -0.377107 0.390201
-0.828034 -0.402174 0.390661
-0.80035 -0.462794 0.381132
-0.771115 -0.510009 0.381146
-0.720878 -0.574241 0.38805
-0.698859 -0.604469 0.382378
-0.65845 -0.637779 0.399603
-0.614883 -0.684723 0.391247
-0.548132 -0.743876 0.382362
-0.524079 -0.754228 0.395577
-0.485993 -0.786789 0.380492
-0.421855 -0.816705 0.393741
-0.370079 -0.842804 0.390798
-0.335296 -0.85578 0.393976
-0.238878 -0.888993 0.390678
-0.174859 -0.903087 0.392248
-0.123796 -0.912782 0.389236
-0.0874316 -0.913663 0.396958
-0.0521977 -0.916753 0.39603
0.0461537 -0.922026 0.384366
0.096291 -0.918302 0.383991
0.161784 -0.903407 0.397092
0.206318 -0.900914 0.38182
0.272194 -0.876752 0.396505
0.306173 -0.868208 0.390479
0.361857 -0.843249 0.39748
0.415231 -0.822724 0.388212
0.447589 -0.808193 0.382737
0.503015 -0.77482 0.382924
0.554067 -0.731237 0.397872
0.611368 -0.693991 0.380271
0.65077 -0.648755 0.394481
0.68699 -0.611206 0.39303
0.725889 -0.55963 0.399874
0.77099 -0.503815 0.389543
0.786188 -0.476813 0.393139
0.819775 -0.418449 0.390984
0.839037 -0.371894 0.397129
0.859314 -0.3205 0.398571
0.882142 -0.253433 0.396986
0.897486 -0.213874 0.385716
0.911735 -0.155962 0.380021
0.920273 -0.0659064 0.385687
0.919229 -0.024872 0.392938
0.924818 0.0267088 0.37947
0.930208 0.0592844 0.362213
0.923975 0.126489 0.36093
0.909402 0.191429 0.369247
0.892136 0.261862 0.368133
0.884051 0.294398 0.36302
0.858357 0.351887 0.373361
0.819724 0.436182 0.371211
0.798406 0.477813 0.366391
0.757668 0.532632 0.37715
0.743934 0.561727 0.361974
0.691203 0.618347 0.374012
0.665593 0.648937 0.368601
0.625924 0.690979 0.361619
0.578153 0.723718 0.37679
0.538821 0.760248 0.362899
0.461488 0.808416 0.365366
0.411042 0.830462 0.376001
0.35743 0.861012 0.361805
0.315821 0.877766 0.360257
0.239837 0.895726 0.37437
0.196393 0.909005 0.367614
0.170012 0.909464 0.379435
0.0752283 0.925149 0.372076
0.026957 0.929765 0.367165
-0.0316818 0.928177 0.370789
-0.102812 0.925958 0.363362
-0.139257 0.915755 0.37683
-0.177843 0.908216 0.378834
-0.243776 0.898016 0.366252
-0.31662 0.872135 0.373005
-0.346134 0.861332 0.371885
-0.426473 0.823437 0.374262
-0.458627 0.810357 0.364668
-0.533657 0.758934 0.373135
-0.576128 0.730834 0.366005
-0.606885 0.704357 0.368201
-0.660288 0.650553 0.375235
-0.701304 0.607832 0.372443
-0.71549 0.590423 0.373463
-0.775487 0.506793 0.376538
-0.784985 0.497819 0.368747
-0.833891 0.410396 0.369053
-0.854369 0.363004 0.371863
-0.867999 0.337732 0.364026
-0.888641 0.279601 0.363512
-0.904145 0.21826 0.367265
-0.918986 0.120576 0.375402
-0.929827 0.0587046 0.363284
-0.92474 0.0477397 0.377594
-0.929774 -0.0479517 0.364994
-0.928129 -0.0783445 0.363922
-0.918512 -0.118507 0.377217
-0.909953 -0.20442 0.360831
-0.896906 -0.247508 0.366468
-0.867255 -0.333932 0.369268
-0.858444 -0.346088 0.378545
-0.827046 -0.429295 0.362905
-0.808845 -0.462137 0.363593
-0.762644 -0.526675 0.375484
-0.748946 -0.547757 0.372883
-0.679072 -0.637097 0.36465
-0.63487 -0.675847 0.374394
-0.63323 -0.684259 0.361675
-0.593003 -0.720181 0.360122
-0.509441 -0.774934 0.374095
-0.494396 -0.789874 0.362867
-0.394354 -0.837476 0.378311
-0.39207 -0.839059 0.377175
-0.297213 -0.880315 0.369743
-0.283919 -0.88314 0.373434
-0.208593 -0.906674 0.366649
-0.14361 -0.915001 0.377027
-0.0598884 -0.92322 0.379576
-0.0440466 -0.93023 0.364323
0.00816074 -0.929696 0.368238
0.0788954 -0.924044 0.374057
0.149319 -0.913952 0.377354
0.176643 -0.910886 0.37294
0.251011 -0.896071 0.366128
0.340162 -0.860919 0.378297
0.391092 -0.839064 0.378178
0.403362 -0.833206 0.378241
0.460941 -0.810576 0.361247
0.518535 -0.76813 0.37563
0.569314 -0.729517 0.379059
0.623719 -0.68853 0.370001
0.66554 -0.653226 0.361043
0.713051 -0.592229 0.375263
0.717321 -0.59185 0.367648
0.756733 -0.534994 0.37568
0.797692 -0.470867 0.376792
0.822641 -0.432744 0.368774
0.858872 -0.345415 0.378189
0.878384 -0.298634 0.373175
0.889097 -0.262772 0.374777
0.906837 -0.21156 0.364541
0.919608 -0.124348 0.372636
0.923993 -0.0987302 0.369444
0.925607 -0.0147546 0.378198
0.938614 0.00808672 0.344874
0.932281 0.0737404 0.354138
0.930052 0.131826 0.342966
0.922096 0.181221 0.341903
0.897085 0.262001 0.355801
0.88005 0.312219 0.357815
0.866564 0.360195 0.345437
0.843104 0.415627 0.341219
0.820446 0.453034 0.348753
0.759352 0.544704 0.355926
0.74328 0.573924 0.343725
0.698326 0.622453 0.353401
0.655721 0.672257 0.343657
0.626037 0.696306 0.351047
0.570083 0.738554 0.35992
0.512092 0.780687 0.358175
0.483359 0.803928 0.346503
0.422223 0.832085 0.359669
0.349485 0.87012 0.347494
0.29895 0.88867 0.347699
0.24853 0.902743 0.351123
0.222711 0.908038 0.354776
0.164574 0.925869 0.340121
0.0848329 0.932611 0.35077
0.0196617 0.934506 0.355403
-0.00256628 0.936446 0.350803
-0.104808 0.928053 0.357399
-0.172655 0.921688 0.347393
-0.180018 0.919198 0.35024
-0.260456 0.898185 0.354157
-0.311134 0.884483 0.347686
-0.359962 0.862806 0.354954
-0.413984 0.842519 0.344644
-0.472599 0.81151 0.343659
-0.521915 0.775067 0.356195
-0.579089 0.733706 0.355432
-0.617308 0.701123 0.356872
-0.649236 0.678411 0.343877
-0.694591 0.630624 0.346203
-0.756294 0.555333 0.345868
-0.766161 0.544501 0.341344
-0.795788 0.500622 0.340734
-0.840139 0.421865 0.340875
-0.854988 0.373551 0.359798
-0.878554 0.328686 0.346568
-0.899055 0.274281 0.341276
-0.911355 0.222527 0.346287
-0.925357 0.149336 0.348444
-0.931672 0.0942837 0.350854
-0.93908 0.0207984 0.343068
-0.939156 -0.00442393 0.343461
-0.927855 -0.116229 0.354366
-0.929178 -0.122596 0.348709
-0.914522 -0.189651 0.357327
-0.892727 -0.280189 0.352891
-0.883186 -0.304757 0.356519
-0.864488 -0.350936 0.359867
-0.82095 -0.448831 0.352977
-0.811908 -0.470657 0.34538
-0.777396 -0.521393 0.351858
-0.746763 -0.567559 0.34673
-0.709572 -0.61372 0.346202
-0.672149 -0.652809 0.349365
-0.599032 -0.723092 0.343947
-0.567906 -0.74649 0.346749
-0.527615 -0.77526 0.347268
-0.456299 -0.820006 0.345516
-0.436221 -0.828752 0.350543
-0.364801 -0.858725 0.359877
-0.325077 -0.878879 0.349137
-0.248938 -0.902653 0.351065
-0.207269 -0.914674 0.347003
-0.17596 -0.922742 0.342909
-0.0830844 -0.932428 0.351675
-0.0103857 -0.935658 0.352754
0.00152486 -0.940339 0.340236
0.0983213 -0.929043 0.356668
0.157901 -0.922394 0.3525
0.18644 -0.921359 0.341084
0.267861 -0.899088 0.346252
0.308341 -0.887107 0.343462
0.373568 -0.855718 0.358043
0.428089 -0.831027 0.355154
0.465286 -0.815917 0.343203
0.519466 -0.776591 0.356456
0.580393 -0.736329 0.347799
0.606847 -0.70963 0.357996
0.678708 -0.640988 0.358454
0.701065 -0.618577 0.354781
0.744841 -0.568573 0.349193
0.774571 -0.524369 0.353662
0.806759 -0.478245 0.347018
0.819621 -0.448978 0.355867
0.849195 -0.389709 0.356363
0.886359 -0.296067 0.355966
0.893259 -0.288465 0.344783
0.916293 -0.183238 0.356135
0.925202 -0.150378 0.348407
0.931608 -0.0928181 0.351412
0.93783 -0.0231876 0.346319
0.945913 0.017481 0.32395
0.935355 0.112359 0.33539
0.934448 0.136454 0.32892
0.91939 0.2247 0.32285
0.910177 0.258108 0.323974
0.895177 0.29823 0.331235
0.878497 0.35341 0.321472
0.851389 0.409361 0.327965
0.801489 0.493483 0.337772
0.785666 0.520557 0.33429
0.762936 0.557707 0.326943
0.69353 0.638762 0.333166
0.651513 0.686958 0.321899
0.63057 0.700415 0.334366
0.555841 0.761597 0.333182
0.549718 0.771138 0.32118
0.496302 0.800994 0.334803
0.410483 0.846481 0.339078
0.352757 0.875436 0.330415
0.332292 0.88452 0.327423
0.287492 0.89767 0.333971
0.221478 0.916901 0.332024
0.176396 0.924865 0.336911
0.102546 0.937412 0.332782
0.0210138 0.945715 0.324318
-0.0259283 0.944176 0.328421
-0.113803 0.938445 0.326145
-0.153149 0.929926 0.334339
-0.210195 0.922706 0.32316
-0.246024 0.914441 0.321356
-0.340577 0.88063 0.32939
-0.390136 0.858248 0.333474
-0.420358 0.841609 0.339106
-0.482118 0.812424 0.327916
-0.516562 0.788218 0.334479
-0.583497 0.744724 0.323909
-0.610049 0.718531 0.333997
-0.667078 0.670895 0.323893
-0.693306 0.63756 0.335923
-0.764514 0.556336 0.325591
-0.775772 0.541632 0.323747
-0.812235 0.47998 0.331502
-0.844849 0.416657 0.335599
-0.853152 0.397406 0.337936
-0.876973 0.344961 0.334545
-0.909616 0.245575 0.3351
-0.924912 0.202397 0.321827
-0.936833 0.12114 0.328128
-0.940971 0.10701 0.321126
-0.942688 0.0462523 0.330454
-0.943348 -0.0167073 0.331383
-0.940448 -0.10269 0.324055
-0.931285 -0.153661 0.330297
-0.916574 -0.216339 0.336288
-0.901261 -0.286966 0.324623
-0.887679 -0.32473 0.32646
-0.873519 -0.352336 0.335891
-0.840475 -0.423299 0.338261
-0.82359 -0.465673 0.323803
-0.794321 -0.509893 0.330249
-0.735846 -0.5882 0.335488
-0.724284 -0.609546 0.322283
-0.66738 -0.665657 0.333923
-0.633451 -0.695937 0.338247
-0.576275 -0.749222 0.326456
-0.549527 -0.76726 0.330654
-0.493744 -0.80737 0.323064
-0.4385 -0.838598 0.323219
-0.401681 -0.857056 0.322658
-0.311037 -0.88766 0.33958
-0.252858 -0.912564 0.321387
-0.226451 -0.914362 0.33565
-0.159465 -0.93252 0.324003
-0.0823926 -0.94081 0.328768
-0.0563597 -0.942259 0.330107
0.0427654 -0.944349 0.326153
0.0936442 -0.941285 0.324366
0.123665 -0.938316 0.322909
0.230665 -0.912127 0.338848
0.276363 -0.901393 0.333338
0.336484 -0.882028 0.329858
0.367854 -0.87193 0.323143
0.43671 -0.833406 0.338702
0.503087 -0.800277 0.326282
0.541521 -0.774961 0.325869
0.585275 -0.741248 0.328641
0.636414 -0.696288 0.331903
0.656311 -0.681127 0.324534
0.699416 -0.629632 0.338202
0.750679 -0.575927 0.323711
0.780301 -0.529806 0.332318
0.801088 -0.496756 0.333905
0.829134 -0.445072 0.338301
0.856112 -0.39353 0.334973
0.887195 -0.314103 0.33797
0.910781 -0.25788 0.322453
0.923216 -0.192992 0.332304
0.93503 -0.151126 0.32075
0.939895 -0.0800114 0.331958
0.941671 -0.0527947 0.332367
0.948098 0.0566371 0.312894
0.946508 0.105106 0.305083
0.940353 0.150096 0.305299
0.926308 0.227007 0.300703
0.910369 0.281902 0.302919
0.899147 0.307097 0.31181
0.866098 0.388719 0.314278
0.85002 0.424466 0.311922
0.815636 0.493168 0.302529
0.770109 0.557674 0.309729
0.753845 0.57651 0.315206
0.708623 0.634655 0.308327
0.668507 0.672396 0.317778
0.626278 0.711564 0.318517
0.583557 0.748022 0.316109
0.532371 0.788661 0.307563
0.490432 0.813757 0.311891
0.450055 0.83605 0.3138
0.390909 0.869383 0.302264
0.309446 0.902125 0.30069
0.271564 0.908045 0.318917
0.217399 0.928701 0.300421
0.155189 0.93523 0.318215
0.0620028 0.950083 0.305774
0.0461372 0.946551 0.319237
-0.0166462 0.953402 0.301243
-0.0908226 0.947144 0.307685
-0.16254 0.939364 0.301953
-0.234372 0.918441 0.318647
-0.251125 0.915198 0.315198
-0.34215 0.886562 0.311353
-0.396855 0.866162 0.303759
-0.410619 0.855518 0.315407
-0.465602 0.832439 0.300433
-0.555717 0.770582 0.312062
-0.581805 0.754839 0.302854
-0.642856 0.69884 0.313623
-0.669701 0.67748 0.304174
-0.711873 0.627394 0.315616
-0.741597 0.593571 0.312582
-0.781065 0.544644 0.305451
-0.813728 0.49212 0.309296
-0.847305 0.435921 0.303394
-0.87907 0.354586 0.318598
-0.890099 0.332497 0.311719
-0.916375 0.244736 0.316797
-0.93146 0.179371 0.316556
-0.939274 0.154711 0.306316
-0.944707 0.0795747 0.318115
-0.95037 0.0303945 0.309634
-0.951163 -0.0224524 0.307872
-0.946607 -0.11507 0.301155
-0.934878 -0.162167 0.315762
-0.927661 -0.203144 0.313333
-0.907846 -0.276436 0.315277
-0.885906 -0.348414 0.306232
-0.875981 -0.361143 0.319739
-0.836488 -0.449196 0.313863
-0.82296 -0.478148 0.306777
-0.801631 -0.514059 0.305175
-0.737235 -0.602239 0.306257
-0.700772 -0.646511 0.301568
-0.669477 -0.678438 0.302528
-0.606496 -0.730122 0.314776
-0.568519 -0.760127 0.314633
-0.515585 -0.798476 0.310819
-0.48786 -0.813369 0.316898
-0.439581 -0.845194 0.303999
-0.396572 -0.861423 0.317304
-0.329958 -0.893694 0.304038
-0.266628 -0.91485 0.303247
-0.186692 -0.93112 0.313308
-0.140579 -0.941661 0.305797
-0.097252 -0.947012 0.306121
-0.0336182 -0.946945 0.319633
0.0421171 -0.949453 0.31107
0.0815318 -0.946158 0.313268
0.131664 -0.942002 0.308702
0.227086 -0.926347 0.300522
0.249868 -0.915113 0.316439
0.329983 -0.892366 0.307888
0.390782 -0.863934 0.317659
0.452213 -0.832823 0.319232
0.465852 -0.82596 0.317445
0.5535 -0.769339 0.318991
0.601038 -0.737022 0.309116
0.645137 -0.697574 0.311752
0.657206 -0.689143 0.305225
0.710592 -0.63183 0.309596
0.752607 -0.580867 0.310123
0.802812 -0.513713 0.302642
0.80778 -0.498189 0.315118
0.8542 -0.41455 0.313832
0.866788 -0.389254 0.311706
0.897219 -0.317122 0.307298
0.908696 -0.280134 0.309509
0.927909 -0.198761 0.315402
0.933506 -0.161818 0.319972
0.944555 -0.111546 0.308827
0.950068 -0.0233383 0.31117
0.952455 0.059063 0.2989
0.952945 0.0881105 0.290056
0.949755 0.134314 0.282711
0.935998 0.202108 0.288201
0.926677 0.243137 0.286627
0.902073 0.32711 0.281536
0.883351 0.360528 0.299518
0.858539 0.426127 0.285178
0.836566 0.470629 0.280475
0.788325 0.543847 0.287704
0.770495 0.570172 0.285028
0.700063 0.655626 0.282959
0.662691 0.692797 0.284381
0.639059 0.710311 0.295064
0.579314 0.765376 0.280348
0.562263 0.777744 0.281025
0.490498 0.822993 0.28652
0.432435 0.85379 0.289901
0.402771 0.869351 0.286362
0.3335 0.89973 0.281539
0.246438 0.922713 0.296426
0.226719 0.932163 0.282258
0.141648 0.94345 0.29973
0.0607186 0.955313 0.289294
0.0511731 0.957363 0.28432
-0.0320411 0.957101 0.287977
-0.0871439 0.951759 0.294211
-0.124155 0.949007 0.289778
-0.2236 0.929325 0.293868
-0.254661 0.921955 0.291799
-0.31607 0.902981 0.291076
-0.358618 0.886155 0.293465
-0.453022 0.845085 0.283906
-0.486957 0.824987 0.286828
-0.543424 0.790864 0.281467
-0.568834 0.772135 0.283258
-0.642648 0.708565 0.291442
-0.6734 0.678375 0.293838
-0.730677 0.616677 0.292952
-0.742278 0.603426 0.291376
-0.777771 0.562671 0.28013
-0.817902 0.498885 0.28662
-0.843736 0.451489 0.290289
-0.884318 0.363555 0.292933
-0.90816 0.31008 0.281239
-0.914591 0.272941 0.298373
-0.930494 0.213637 0.297557
-0.948946 0.124314 0.289911
-0.949078 0.11003 0.295203
-0.955189 0.0500683 0.291732
-0.958377 -0.015087 0.285105
-0.953039 -0.0703462 0.294563
-0.947269 -0.154915 0.280505
-0.936864 -0.198755 0.287719
-0.925828 -0.240522 0.291533
-0.90192 -0.3194 0.29073
-0.884447 -0.358725 0.298447
-0.852054 -0.438413 0.286004
-0.836104 -0.463296 0.293747
-0.799131 -0.52498 0.292893
-0.760028 -0.584712 0.283669
-0.700756 -0.652992 0.287301
-0.693369 -0.66264 0.283103
-0.652894 -0.70272 0.282689
-0.596261 -0.747038 0.293951
-0.559338 -0.774681 0.294975
-0.486062 -0.824612 0.28941
-0.433477 -0.851303 0.295604
-0.360651 -0.883834 0.297939
-0.323354 -0.902852 0.283373
-0.279485 -0.917676 0.282417
-0.182382 -0.942178 0.281134
-0.141141 -0.946116 0.291452
-0.0756951 -0.95415 0.2896
-0.00750612 -0.958178 0.286074
0.0309272 -0.959447 0.280186
0.0974665 -0.950897 0.293759
0.12926 -0.94796 0.290969
0.19835 -0.937872 0.284699
0.241532 -0.924412 0.295168
0.323971 -0.90114 0.288079
0.358423 -0.884819 0.297707
0.424261 -0.854514 0.299682
0.467688 -0.835863 0.287405
0.534852 -0.791165 0.296633
0.565351 -0.773276 0.287093
0.637905 -0.715486 0.284881
0.661001 -0.687844 0.299914
0.717607 -0.630714 0.295364
0.773737 -0.567512 0.281533
0.804749 -0.516827 0.292008
0.829847 -0.475992 0.291181
0.863388 -0.413427 0.289206
0.875597 -0.391728 0.28263
0.890578 -0.345498 0.295809
0.923233 -0.249104 0.292556
0.934412 -0.209674 0.287942
0.948877 -0.143035 0.281377
0.955033 -0.0865932 0.283573
0.958454 -0.000619894 0.285245
0.95985 0.0231108 0.279561
0.954232 0.107041 0.279256
0.957525 0.123501 0.260564
0.945908 0.193013 0.260776
0.91822 0.290999 0.268685
0.894064 0.351736 0.277366
0.883431 0.387089 0.264029
0.863195 0.428827 0.26646
0.827202 0.492402 0.270698
0.791031 0.550369 0.26714
0.77913 0.56721 0.266888
0.731747 0.625646 0.270395
0.684634 0.677052 0.269958
0.646118 0.716693 0.262454
0.586206 0.76712 0.260555
0.515657 0.811891 0.273737
0.499321 0.826474 0.260036
0.412253 0.871812 0.264558
0.369172 0.888617 0.272162
0.299399 0.913177 0.276528
0.280114 0.921902 0.267644
0.215497 0.940828 0.26154
0.144961 0.953997 0.262443
0.100215 0.959052 0.264907
0.0363576 0.960156 0.277091
-0.0483026 0.958887 0.279648
-0.0904372 0.958111 0.271743
-0.174908 0.944284 0.278809
-0.236303 0.935742 0.261816
-0.290264 0.916512 0.275232
-0.329192 0.905148 0.268962
-0.386007 0.884364 0.262487
-0.4461 0.855787 0.261961
-0.479416 0.835151 0.269599
-0.550474 0.789169 0.272379
-0.612799 0.740857 0.27497
-0.623618 0.737217 0.260022
-0.696425 0.664209 0.271696
-0.710009 0.652626 0.264511
-0.774832 0.568926 0.275606
-0.787631 0.554495 0.268651
-0.844262 0.465499 0.26558
-0.86666 0.422514 0.265297
-0.889112 0.375214 0.262095
-0.899317 0.347356 0.265653
-0.920775 0.28205 0.269483
-0.939359 0.216083 0.266295
-0.953565 0.145677 0.263614
-0.955064 0.100014 0.279015
-0.964347 0.0345342 0.262378
-0.960159 -0.00799828 0.279339
-0.960439 -0.0623614 0.271418
-0.946452 -0.170968 0.273859
-0.947082 -0.185698 0.261826
-0.927963 -0.246259 0.279717
-0.901574 -0.329818 0.279971
-0.877549 -0.3944 0.272685
-0.868918 -0.415631 0.268762
-0.830105 -0.487911 0.269941
-0.806891 -0.527875 0.265094
-0.769622 -0.579448 0.268183
-0.731094 -0.626489 0.27021
-0.689662 -0.67329 0.266547
-0.627925 -0.732585 0.262733
-0.578887 -0.770443 0.267035
-0.53101 -0.800827 0.276956
-0.486945 -0.833066 0.26246
-0.454632 -0.850114 0.265736
-0.375454 -0.886188 0.271487
-0.329127 -0.90345 0.274688
-0.282541 -0.921927 0.264993
-0.231982 -0.931678 0.279572
-0.146051 -0.954442 0.26021
-0.0909174 -0.956946 0.27566
-0.00227357 -0.960233 0.27919
0.0382299 -0.963285 0.265746
0.0725502 -0.958608 0.275331
0.175248 -0.949064 0.261852
0.226009 -0.936023 0.269778
0.248961 -0.930857 0.267439
0.342088 -0.900133 0.269697
0.377137 -0.887975 0.263189
0.439669 -0.855739 0.272768
0.505237 -0.820157 0.268476
0.557115 -0.783057 0.276486
0.609316 -0.743543 0.275459
0.623811 -0.73053 0.277823
0.661645 -0.695915 0.279157
0.713895 -0.64884 0.263364
0.774811 -0.57249 0.268185
0.788324 -0.550097 0.27557
0.827402 -0.492489 0.269928
0.855485 -0.441936 0.269886
0.870944 -0.408715 0.272778
0.913812 -0.297607 0.276366
0.926107 -0.256681 0.276479
0.934308 -0.238849 0.264613
0.944953 -0.172214 0.27822
0.959868 -0.0806909 0.268592
0.965044 -0.0153959 0.261636
0.968242 0.00883701 0.24986
0.964138 0.0982219 0.246557
0.953655 0.164239 0.252125
0.949503 0.19511 0.245717
0.935351 0.259352 0.240529
0.915119 0.30979 0.258044
0.886654 0.390414 0.247833
0.873813 0.418858 0.246999
0.845903 0.465808 0.259753
0.809508 0.527684 0.257384
0.770107 0.582527 0.259996
0.716809 0.65386 0.242181
0.663069 0.704317 0.25353
0.623449 0.743474 0.241989
0.57845 0.777392 0.247097
0.562023 0.789318 0.2472
0.503896 0.829543 0.24072
0.447901 0.859963 0.244641
0.384542 0.885891 0.259469
0.356588 0.900652 0.248335
0.259931 0.934223 0.24426
0.21707 0.941963 0.256097
0.13054 0.958261 0.254352
0.103547 0.962742 0.249814
0.0219334 0.96981 0.242875
-0.0520779 0.966787 0.250223
-0.0840326 0.966865 0.24106
-0.137752 0.959051 0.247478
-0.212636 0.943862 0.252805
-0.240643 0.93605 0.256712
-0.345058 0.903814 0.253093
-0.373171 0.891497 0.256859
-0.461492 0.848901 0.257668
-0.474487 0.844998 0.246659
-0.53134 0.808854 0.251858
-0.577513 0.774829 0.257136
-0.634332 0.734412 0.241373
-0.672549 0.697186 0.248212
-0.708704 0.657293 0.25633
-0.747621 0.615344 0.249829
-0.818462 0.519601 0.245223
-0.840851 0.484118 0.242074
-0.862761 0.438073 0.252457
-0.896371 0.372154 0.240874
-0.900715 0.348742 0.25902
-0.929171 0.276652 0.245164
-0.952038 0.18789 0.241498
-0.952592 0.179133 0.245927
-0.964818 0.0991149 0.243523
-0.965468 0.0466871 0.256304
-0.968662 -0.0199682 0.247579
-0.963257 -0.0942537 0.251499
-0.961347 -0.122334 0.246672
-0.941375 -0.232264 0.244677
-0.931574 -0.256402 0.257736
-0.905374 -0.348761 0.242206
-0.880477 -0.399949 0.254559
-0.858727 -0.447734 0.249243
-0.832733 -0.492062 0.253833
-0.805173 -0.536706 0.252278
-0.779202 -0.575749 0.247704
-0.725648 -0.642982 0.244967
-0.684805 -0.68097 0.259465
-0.624429 -0.740541 0.248369
-0.581553 -0.776217 0.243479
-0.545653 -0.797188 0.258368
-0.491445 -0.831781 0.258112
-0.426488 -0.872068 0.240011
-0.369698 -0.895005 0.249577
-0.32047 -0.914276 0.247786
-0.269433 -0.927483 0.259195
-0.22233 -0.942302 0.250273
-0.179779 -0.950276 0.254272
-0.0855876 -0.966801 0.24077
-0.0396804 -0.967527 0.249634
0.00811628 -0.970501 0.240959
0.103434 -0.962578 0.250489
0.151745 -0.957179 0.246541
0.196254 -0.946323 0.256821
0.298102 -0.920411 0.252942
0.323384 -0.909967 0.259582
0.362814 -0.897321 0.251358
0.436865 -0.866593 0.241177
0.49187 -0.836223 0.242479
0.54268 -0.799958 0.256058
0.579467 -0.773058 0.258068
0.645728 -0.724784 0.240256
0.675022 -0.694507 0.249007
0.727153 -0.640168 0.247857
0.752339 -0.612466 0.242634
0.813137 -0.529003 0.242824
0.827157 -0.500873 0.254829
0.874424 -0.416079 0.24952
0.894554 -0.374958 0.243267
0.902899 -0.345101 0.25628
0.92549 -0.287465 0.24664
0.93994 -0.235047 0.247519
0.956023 -0.147405 0.253557
0.96221 -0.109397 0.249368
0.965616 -0.016463 0.25945
0.974028 0.00759589 0.2263
0.969968 0.10229 0.22068
0.962016 0.153338 0.225859
0.954186 0.201619 0.221084
0.926827 0.28922 0.239464
0.907136 0.351636 0.231207
0.888845 0.397849 0.227312
0.875194 0.422525 0.235602
0.851675 0.47216 0.227407
0.795195 0.563789 0.223172
0.767662 0.596183 0.235078
0.713142 0.658821 0.239549
0.695198 0.681764 0.227812
0.659676 0.715075 0.231292
0.59839 0.767739 0.229141
0.56168 0.796845 0.222606
0.477818 0.848285 0.22826
0.453865 0.862974 0.221996
0.366727 0.900686 0.232973
0.336835 0.913583 0.227834
0.298175 0.927175 0.226798
0.224279 0.945834 0.234726
0.153414 0.962187 0.225079
0.0991244 0.967905 0.230941
0.0431457 0.972423 0.229198
-0.0479822 0.970526 0.236172
-0.0742677 0.971772 0.223927
-0.1471 0.962752 0.226872
-0.187921 0.955157 0.228826
-0.248105 0.941297 0.228918
-0.325353 0.917468 0.228906
-0.365993 0.900872 0.233406
-0.426536 0.873459 0.234811
-0.501057 0.833936 0.231284
-0.522636 0.818522 0.238482
-0.609223 0.761807 0.220222
-0.630882 0.738423 0.23816
-0.700974 0.67181 0.23939
-0.730159 0.645072 0.225276
-0.759441 0.60637 0.235724
-0.802703 0.552533 0.224445
-0.838368 0.490038 0.23875
-0.873616 0.4301 0.227616
-0.887224 0.405445 0.22011
-0.918022 0.327346 0.223787
-0.931211 0.279105 0.234408
-0.953323 0.20623 0.220553
-0.95854 0.168421 0.229858
-0.97262 0.0646964 0.223216
-0.974771 0.00520025 0.223148
-0.97411 -0.0509404 0.22026
-0.971663 -0.0659739 0.226978
-0.957434 -0.162864 0.238317
-0.947166 -0.231825 0.221659
-0.939041 -0.249351 0.236698
-0.904323 -0.354294 0.238068
-0.901381 -0.367347 0.229279
-0.876588 -0.422984 0.229515
-0.838592 -0.497276 0.22244
-0.797714 -0.556063 0.233337
-0.763087 -0.600619 0.238654
-0.746654 -0.620827 0.238919
-0.684565 -0.689843 0.235559
-0.662716 -0.711185 0.234571
-0.614956 -0.754298 0.22992
-0.548708 -0.806418 0.220473
-0.489708 -0.84339 0.221088
-0.467402 -0.853977 0.228601
-0.386867 -0.891999 0.233819
-0.331698 -0.91665 0.222999
-0.24532 -0.942336 0.227643
-0.232802 -0.94453 0.231661
-0.125294 -0.963178 0.237885
-0.0620398 -0.970299 0.233817
-0.0218649 -0.972755 0.230801
0.0322617 -0.973465 0.226551
0.105235 -0.966307 0.234898
0.150908 -0.961738 0.228661
0.232197 -0.94404 0.234248
0.288641 -0.929591 0.229233
0.331213 -0.917321 0.22095
0.408281 -0.882263 0.234348
0.460104 -0.855605 0.237157
0.493827 -0.840891 0.221443
0.560544 -0.79461 0.233208
0.619579 -0.753035 0.221494
0.637003 -0.737138 0.225509
0.700934 -0.672425 0.237773
0.726005 -0.646534 0.23433
0.779174 -0.585524 0.223718
0.802701 -0.546509 0.238744
0.831007 -0.504378 0.234586
0.875058 -0.422729 0.23574
0.894427 -0.387015 0.224099
0.912929 -0.339511 0.22648
0.935756 -0.263689 0.234157
0.952322 -0.208177 0.223038
0.965566 -0.122582 0.229468
0.968262 -0.0943271 0.231453
0.972809 -0.0142482 0.231172
0.976277 0.0224995 0.215354
0.971266 0.120026 0.205513
0.963098 0.173435 0.20582
0.948278 0.242999 0.204256
0.936109 0.278437 0.214877
0.924554 0.321028 0.205282
0.907215 0.359626 0.218244
0.877149 0.433188 0.207263
0.844925 0.494819 0.203116
0.808993 0.551295 0.203973
0.788492 0.579983 0.204694
0.727615 0.650751 0.217026
0.684185 0.699424 0.206634
0.66529 0.717047 0.207927
0.620047 0.753841 0.217406
0.557411 0.8051 0.202749
0.492898 0.843924 0.211765
0.464124 0.859625 0.213623
0.410242 0.887101 0.211549
0.32028 0.921961 0.217735
0.252336 0.94549 0.205854
0.195967 0.959989 0.200047
0.145001 0.968407 0.202885
0.0796298 0.972677 0.218081
0.00629713 0.975778 0.218672
-0.0510061 0.975149 0.215597
-0.0841646 0.976137 0.200184
-0.162553 0.963854 0.211098
-0.185762 0.957852 0.219117
-0.253755 0.945316 0.204905
-0.337339 0.915764 0.218124
-0.388666 0.897296 0.209283
-0.462559 0.859895 0.215917
-0.504652 0.838022 0.207474
-0.56277 0.801858 0.200785
-0.60684 0.765503 0.213892
-0.637688 0.741617 0.208226
-0.688811 0.693635 0.210736
-0.737165 0.645048 0.201249
-0.75229 0.622031 0.217112
-0.803778 0.556303 0.210872
-0.841112 0.501204 0.203286
-0.86582 0.456284 0.205331
-0.902332 0.371924 0.217873
-0.926477 0.309996 0.213409
-0.939374 0.277827 0.20097
-0.953895 0.214017 0.210432
-0.969139 0.142123 0.201422
-0.972995 0.0885715 0.213159
-0.975937 0.0427801 0.213815
-0.976082 -0.0377125 0.214105
-0.972825 -0.115666 0.200583
-0.968026 -0.149211 0.201647
-0.948434 -0.234342 0.213442
-0.941339 -0.271711 0.200137
-0.922372 -0.328778 0.202815
-0.893766 -0.399834 0.203262
-0.870653 -0.44848 0.202064
-0.858421 -0.472144 0.200485
-0.814751 -0.539254 0.21304
-0.781249 -0.590387 0.202714
-0.740476 -0.639918 0.205427
-0.685313 -0.699016 0.204263
-0.662072 -0.716577 0.219496
-0.606468 -0.765278 0.215745
-0.549004 -0.808653 0.211366
-0.503804 -0.840103 0.20102
-0.423476 -0.880708 0.212181
-0.376462 -0.903858 0.203268
-0.312356 -0.927458 0.205562
-0.26761 -0.938964 0.216176
-0.241234 -0.946485 0.214413
-0.172389 -0.961395 0.214478
-0.107222 -0.972228 0.20803
-0.00328175 -0.976296 0.216413
0.0026808 -0.977942 0.208857
0.0788127 -0.973411 0.21508
0.124477 -0.96925 0.212274
0.208364 -0.957147 0.201133
0.252038 -0.943128 0.216765
0.336937 -0.91892 0.205083
0.399535 -0.893104 0.206729
0.420205 -0.885096 0.200081
0.515303 -0.831191 0.208768
0.539138 -0.817005 0.204532
0.621975 -0.755249 0.206754
0.667714 -0.716287 0.202707
0.676986 -0.70826 0.200145
0.735819 -0.64125 0.217643
0.764474 -0.608747 0.212149
0.823978 -0.526571 0.209245
0.849689 -0.482268 0.213184
0.87635 -0.430884 0.21529
0.890491 -0.406873 0.203668
0.927934 -0.302902 0.217229
0.944503 -0.249832 0.213301
0.960668 -0.183351 0.208565
0.966642 -0.148889 0.208413
0.969089 -0.113717 0.218939
0.977213 -0.0106558 0.211995
0.981483 0.00385705 0.191511
0.979671 0.079523 0.184178
0.964862 0.170512 0.199916
0.962688 0.191304 0.191403
0.936595 0.292805 0.192497
0.914511 0.356304 0.191616
0.895492 0.40501 0.184558
0.888825 0.418771 0.186067
0.844603 0.500447 0.190257
0.806616 0.557538 0.19627
0.774925 0.602767 0.190168
0.754011 0.628843 0.189798
0.711957 0.676142 0.189601
0.646213 0.739796 0.187379
0.623652 0.756888 0.195393
0.543704 0.817017 0.192011
0.51526 0.833819 0.198124
0.468469 0.864715 0.181122
0.397774 0.89955 0.180512
0.340903 0.919525 0.195599
0.265325 0.944011 0.196078
0.185717 0.96311 0.194751
0.125503 0.973334 0.192014
0.0687621 0.981172 0.180483
0.0516418 0.980318 0.190553
-0.0594303 0.980031 0.189757
-0.0630618 0.980462 0.186324
-0.13525 0.970528 0.199454
-0.22334 0.954467 0.197766
-0.264825 0.946488 0.184465
-0.313937 0.931005 0.186208
-0.406669 0.895655 0.180063
-0.469523 0.861643 0.192666
-0.492032 0.851261 0.182372
-0.530948 0.824967 0.193711
-0.602705 0.775939 0.186187
-0.670594 0.718339 0.185185
-0.678292 0.709689 0.190424
-0.735761 0.652396 0.181756
-0.7699 0.60619 0.19947
-0.813724 0.550125 0.18766
-0.838237 0.509998 0.193029
-0.87148 0.452641 0.188783
-0.905228 0.380128 0.189908
-0.917354 0.344578 0.199317
-0.944699 0.260117 0.199707
-0.950956 0.243431 0.19085
-0.972651 0.133804 0.189857
-0.978455 0.0994081 0.180955
-0.979425 0.0451582 0.196693
-0.980326 -0.0527781 0.190199
-0.979904 -0.0759294 0.184455
-0.973101 -0.13887 0.183817
-0.954579 -0.227357 0.192583
-0.945324 -0.268041 0.185786
-0.925816 -0.322037 0.197882
-0.903663 -0.387983 0.181281
-0.875306 -0.445769 0.187429
-0.857452 -0.480772 0.183395
-0.798107 -0.569534 0.196613
-0.787288 -0.586024 0.191711
-0.721324 -0.666527 0.188237
-0.710785 -0.675525 0.196089
-0.665912 -0.722452 0.186077
-0.583931 -0.789178 0.190323
-0.527247 -0.827803 0.19171
-0.516478 -0.835933 0.18565
-0.44373 -0.874485 0.195907
-0.385556 -0.90269 0.191044
-0.351955 -0.915471 0.19504
-0.283065 -0.941954 0.180544
-0.189485 -0.963271 0.190275
-0.177219 -0.96685 0.183833
-0.0838464 -0.977828 0.191889
-0.0261932 -0.980445 0.195042
0.0408475 -0.980946 0.189939
0.0673263 -0.980463 0.184821
0.181232 -0.965047 0.189314
0.197662 -0.96042 0.196271
0.283526 -0.93831 0.197955
0.332989 -0.921873 0.198162
0.407587 -0.89379 0.187116
0.465163 -0.8655 0.185831
0.481089 -0.855101 0.193278
0.555959 -0.808846 0.191513
0.596276 -0.77906 0.193704
0.664195 -0.725257 0.181241
0.704342 -0.682871 0.193883
0.7462 -0.64045 0.181684
0.762526 -0.617716 0.192301
0.824521 -0.531435 0.194274
0.831488 -0.524369 0.183479
0.872433 -0.454213 0.180417
0.894356 -0.409542 0.180006
0.915461 -0.355692 0.188184
0.947113 -0.26341 0.183282
0.958316 -0.215469 0.187627
0.967941 -0.164104 0.190157
0.978458 -0.0721694 0.193422
0.981602 -0.0152202 0.190332
0.983901 0.0493837 0.171754
0.980672 0.0834 0.176992
0.974068 0.151534 0.168017
0.960118 0.21556 0.178068
0.945511 0.273506 0.176647
0.928721 0.33133 0.166427
0.903863 0.391456 0.17261
0.882251 0.439009 0.170015
0.849307 0.502201 0.162698
0.816615 0.551666 0.169716
0.784584 0.596834 0.167983
0.749592 0.637731 0.177229
0.691852 0.703308 0.163397
0.667478 0.725182 0.169068
0.626624 0.76037 0.170822
0.535496 0.828903 0.161754
0.525337 0.83505 0.163437
0.45094 0.875116 0.175571
0.401707 0.899922 0.169621
0.323401 0.932438 0.161155
0.268007 0.949354 0.164009
0.234616 0.955803 0.177189
0.145407 0.973322 0.177487
0.0624518 0.983524 0.169647
0.059831 0.98235 0.177226
-0.045767 0.984196 0.171068
-0.0979459 0.980152 0.172361
-0.136739 0.977466 0.160819
-0.215092 0.960662 0.175683
-0.285175 0.942811 0.172577
-0.321201 0.931757 0.169287
-0.383674 0.907858 0.169081
-0.461821 0.869923 0.173077
-0.521475 0.837322 0.164178
-0.56495 0.805633 0.17829
-0.622758 0.763952 0.168967
-0.660226 0.730892 0.172914
-0.694821 0.696572 0.178918
-0.741682 0.647961 0.17336
-0.777462 0.605354 0.170586
-0.829583 0.532534 0.167928
-0.862228 0.475035 0.175794
-0.868562 0.465529 0.16995
-0.908699 0.378515 0.176048
-0.929182 0.329999 0.1665
-0.940807 0.291977 0.172138
-0.968443 0.188585 0.162956
-0.970467 0.172623 0.168511
-0.980952 0.101096 0.16587
-0.983814 0.0128575 0.178732
-0.983292 -0.0380164 0.178022
-0.981941 -0.0899068 0.166459
-0.970307 -0.168163 0.173855
-0.961211 -0.223705 0.161337
-0.947297 -0.269021 0.173941
-0.917074 -0.356879 0.1778
-0.908182 -0.38089 0.173576
-0.869922 -0.465769 0.162159
-0.860832 -0.479582 0.170207
-0.826651 -0.536688 0.16916
-0.76227 -0.625389 0.166832
-0.738433 -0.651892 0.172493
-0.677712 -0.717144 0.162516
-0.648396 -0.743025 0.165821
-0.590189 -0.788357 0.173693
-0.558036 -0.81168 0.172545
-0.525212 -0.833356 0.172253
-0.437163 -0.884552 0.162652
-0.374582 -0.912506 0.16438
-0.35772 -0.917603 0.173323
-0.277974 -0.944344 0.175912
-0.213777 -0.963659 0.160191
-0.130842 -0.977624 0.164717
-0.107844 -0.978997 0.173015
-0.00674243 -0.987004 0.160556
0.0390237 -0.984388 0.17163
0.110962 -0.980288 0.163472
0.1662 -0.970044 0.177176
0.236271 -0.957554 0.165126
0.248416 -0.952829 0.174373
0.342915 -0.924303 0.167551
0.363296 -0.915933 0.170535
0.438878 -0.883095 0.165922
0.501181 -0.849288 0.165912
0.529344 -0.829701 0.177176
0.596546 -0.784665 0.168623
0.654393 -0.736714 0.170359
0.686486 -0.708735 0.162577
0.727483 -0.664433 0.171164
0.775377 -0.608186 0.169999
0.828172 -0.531537 0.177766
0.860287 -0.477312 0.179109
0.869672 -0.46497 0.165751
0.903749 -0.394047 0.167225
0.934109 -0.308704 0.179281
0.949055 -0.265513 0.169696
0.968105 -0.185405 0.168516
0.971634 -0.167809 0.166636
0.979704 -0.10053 0.173418
0.985791 -0.0328231 0.164739
0.988199 0.0206083 0.151784
0.982633 0.11742 0.143683
0.975768 0.166323 0.142177
0.965988 0.205301 0.157219
0.948133 0.284468 0.141851
0.940628 0.306881 0.145062
0.900188 0.409276 0.148846
0.888522 0.436678 0.140854
0.849153 0.509127 0.140455
0.834907 0.530818 0.145474
0.790994 0.593233 0.149678
0.758602 0.634855 0.146569
0.705515 0.691447 0.155402
0.65081 0.74374 0.152631
0.624299 0.767468 0.145754
0.574075 0.803135 0.159414
0.484656 0.861619 0.150733
0.456189 0.875439 0.159681
0.412271 0.898735 0.149357
0.338625 0.929485 0.146252
0.28 0.949121 0.144118
0.224622 0.962703 0.150825
0.159677 0.974848 0.155485
0.111438 0.982755 0.147561
0.0404137 0.986328 0.159759
-0.0327755 0.987264 0.155677
-0.117022 0.982009 0.148205
-0.174308 0.973562 0.14763
-0.244881 0.95701 0.155451
-0.301845 0.941093 0.152427
-0.329123 0.931037 0.157632
-0.39676 0.904092 0.158744
-0.425055 0.891808 0.154939
-0.519125 0.842942 0.141276
-0.561589 0.812706 0.155325
-0.582032 0.798159 0.155503
-0.661415 0.733007 0.158843
-0.689279 0.708284 0.152407
-0.719879 0.675876 0.158007
-0.766168 0.624825 0.150269
-0.82435 0.545011 0.153003
-0.864945 0.479794 0.147203
-0.87425 0.462304 0.148192
-0.915746 0.374751 0.144816
-0.921642 0.3557 0.155094
-0.947767 0.284177 0.144849
-0.969157 0.196238 0.149084
-0.980544 0.136481 0.141092
-0.987421 0.0695014 0.142018
-0.987472 0.0538562 0.148318
-0.987425 -0.0502305 0.149896
-0.982873 -0.0968389 0.156786
-0.976096 -0.157134 0.15015
-0.964611 -0.221488 0.143067
-0.95239 -0.265904 0.149162
-0.92228 -0.357919 0.145923
-0.909844 -0.383162 0.159282
-0.878208 -0.456283 0.143374
-0.848392 -0.508272 0.147959
-0.805262 -0.573338 0.151118
-0.792984 -0.59163 0.145432
-0.750147 -0.642661 0.155779
-0.712952 -0.682817 0.15956
-0.633125 -0.75764 0.158539
-0.597353 -0.78601 0.159239
-0.55272 -0.818074 0.158921
-0.518405 -0.841756 0.150678
-0.422762 -0.892384 0.157875
-0.366959 -0.918882 0.144901
-0.346805 -0.926029 0.148985
-0.290246 -0.944434 0.154278
-0.226231 -0.961464 0.156228
-0.184103 -0.971696 0.148034
-0.111704 -0.983683 0.141034
-0.0377483 -0.988298 0.147792
0.0210137 -0.987048 0.159045
0.0781362 -0.985878 0.148119
0.161837 -0.975695 0.147741
0.22688 -0.962036 0.151696
0.273074 -0.950344 0.149256
0.340061 -0.927851 0.153136
0.410818 -0.900893 0.140071
0.427119 -0.892674 0.143885
0.506934 -0.849763 0.144641
0.545605 -0.822843 0.158887
0.598816 -0.788044 0.142849
0.632561 -0.760135 0.148534
0.684875 -0.713735 0.146724
0.745187 -0.647701 0.158679
0.787573 -0.597038 0.15256
0.813629 -0.55896 0.15991
0.85279 -0.497239 0.159695
0.884992 -0.441982 0.14643
0.896252 -0.415317 0.155708
0.934877 -0.319964 0.153715
0.952248 -0.266466 0.149061
0.964989 -0.212941 0.153142
0.972762 -0.176164 0.150664
0.983047 -0.109485 0.147078
0.989139 -0.0185382 0.145812
0.991024 0.0353179 0.128932
0.987794 0.0700468 0.13913
0.977493 0.167899 0.127738
0.964616 0.227048 0.134033
0.948669 0.28666 0.133612
0.936195 0.325393 0.132888
0.91211 0.385949 0.138198
0.876669 0.465486 0.121552
0.865824 0.485741 0.120019
0.827312 0.548167 0.122754
0.787687 0.60383 0.122225
0.7556 0.643838 0.120584
0.704663 0.699157 0.120948
0.650866 0.74756 0.132394
0.627981 0.767869 0.126554
0.571057 0.809901 0.133991
0.513273 0.848797 0.126867
0.462688 0.876495 0.132952
0.384667 0.912534 0.138974
0.343827 0.931202 0.121021
0.288156 0.948221 0.133577
0.221797 0.966903 0.126109
0.147977 0.980868 0.126492
0.0824107 0.98722 0.136403
0.0596745 0.99037 0.124922
-0.0400746 0.991935 0.120244
-0.121695 0.983889 0.130972
-0.149343 0.981166 0.122514
-0.201292 0.970586 0.132076
-0.250366 0.957983 0.139945
-0.324169 0.936587 0.133114
-0.364854 0.921355 0.134116
-0.458433 0.8796 0.127056
-0.515009 0.846553 0.134586
-0.542487 0.829299 0.134053
-0.6128 0.777986 0.138616
-0.667975 0.732827 0.129516
-0.686864 0.713291 0.139405
-0.731425 0.668947 0.132388
-0.770028 0.626136 0.122518
-0.831965 0.538162 0.134964
-0.860428 0.494139 0.124457
-0.888422 0.442076 0.123589
-0.901847 0.409473 0.137855
-0.925348 0.358994 0.121879
-0.947141 0.291355 0.134296
-0.968478 0.211416 0.131736
-0.973997 0.181969 0.134974
-0.986511 0.0918751 0.135481
-0.991734 0.0297115 0.124821
-0.990793 -0.0516007 0.125166
-0.987417 -0.0787041 0.137163
-0.982536 -0.1349 0.128163
-0.960701 -0.244895 0.130689
-0.95458 -0.266933 0.132376
-0.929061 -0.343277 0.137861
-0.899472 -0.415287 0.135968
-0.896168 -0.423227 0.133277
-0.855308 -0.50173 0.129289
-0.821521 -0.553911 0.135223
-0.782642 -0.608972 0.128932
-0.724567 -0.677559 0.12616
-0.680572 -0.719581 0.137933
-0.662778 -0.735715 0.139459
-0.593475 -0.79417 0.130693
-0.572834 -0.810398 0.122947
-0.47811 -0.868964 0.127717
-0.466347 -0.874917 0.130542
-0.368229 -0.919634 0.136679
-0.332802 -0.933075 0.136431
-0.289264 -0.947762 0.134438
-0.217337 -0.96652 0.136396
-0.153961 -0.978588 0.13661
-0.0805831 -0.988239 0.129964
-0.0161757 -0.992545 0.120805
0.0319325 -0.990047 0.137066
0.114221 -0.98428 0.134707
0.146972 -0.980507 0.130405
0.216864 -0.968248 0.12436
0.261607 -0.956908 0.126054
0.338602 -0.931319 0.134144
0.416864 -0.899492 0.130913
0.473744 -0.871147 0.129111
0.51542 -0.845795 0.137741
0.54703 -0.828074 0.122686
0.589636 -0.796333 0.134845
0.652927 -0.746447 0.128465
0.712101 -0.690397 0.12753
0.728949 -0.673805 0.120914
0.798891 -0.587043 0.130973
0.824255 -0.552769 0.12268
0.841332 -0.52429 0.131455
0.894516 -0.427329 0.131265
0.902863 -0.409795 0.130027
0.926098 -0.353542 0.131724
0.95557 -0.264215 0.130679
0.973631 -0.190783 0.125082
0.97747 -0.168043 0.127728
0.989226 -0.0793221 0.123047
0.989993 -0.0178341 0.139983
0.992686 0.0161305 0.119642
0.989707 0.0994977 0.102857
0.982305 0.154357 0.106069
0.967548 0.225923 0.113181
0.949434 0.29485 0.10788
0.935898 0.335082 0.108701
0.899322 0.42265 0.112192
0.876336 0.469449 0.107949
0.86867 0.484774 0.102016
0.827695 0.548397 0.119082
0.784542 0.609496 0.114057
0.763266 0.634917 0.119607
0.696803 0.708567 0.111354
0.667293 0.736123 0.113331
0.617136 0.778729 0.112805
0.565568 0.8186 0.100135
0.487096 0.866627 0.108142
0.463378 0.880437 0.100554
0.405258 0.907144 0.113379
0.311172 0.944951 0.101194
0.276731 0.953689 0.117889
0.217021 0.969741 0.111821
0.185535 0.976456 0.110051
0.0999214 0.988496 0.113538
0.0393617 0.992263 0.117745
-0.0256084 0.994057 0.105807
-0.107871 0.988879 0.102382
-0.14394 0.983348 0.11094
-0.234169 0.965636 0.11275
-0.290659 0.950696 0.108136
-0.341459 0.932513 0.117585
-0.406571 0.905967 0.118002
-0.427211 0.89728 0.111263
-0.519679 0.845901 0.119938
-0.581204 0.805973 0.112291
-0.609018 0.786055 0.105901
-0.638947 0.761196 0.111028
-0.722983 0.683552 0.10026
-0.737027 0.665573 0.117491
-0.774958 0.621802 0.113146
-0.806341 0.581798 0.106418
-0.857699 0.502887 0.107038
-0.874548 0.473576 0.104367
-0.903857 0.415366 0.102535
-0.935237 0.338935 0.102249
-0.946191 0.30689 0.102672
-0.974918 0.188116 0.118942
-0.98207 0.156193 0.105561
-0.989683 0.0794524 0.11923
-0.992733 0.0359459 0.114847
-0.992481 -0.0600999 0.106632
-0.992366 -0.0697633 0.1017
-0.976497 -0.180053 0.11847
-0.972899 -0.198416 0.118738
-0.955462 -0.271464 0.115758
-0.92649 -0.359516 0.111197
-0.922005 -0.370975 0.110837
-0.892761 -0.436648 0.110976
-0.860435 -0.496132 0.116212
-0.836401 -0.536486 0.112322
-0.795321 -0.597169 0.104182
-0.730487 -0.672603 0.118295
-0.688673 -0.715787 0.115668
-0.66844 -0.735081 0.113329
-0.604721 -0.788895 0.109355
-0.57426 -0.811727 0.106418
-0.500945 -0.858597 0.108924
-0.443788 -0.888897 0.113647
-0.401558 -0.909194 0.110078
-0.324653 -0.940169 0.103355
-0.291101 -0.950993 0.104269
-0.232403 -0.966604 0.108012
-0.183082 -0.976606 0.112787
-0.0904231 -0.989775 0.110311
-0.00821752 -0.993618 0.112499
0.0103657 -0.994155 0.10746
0.106631 -0.987317 0.117626
0.145153 -0.982129 0.119805
0.207266 -0.972125 0.109611
0.250357 -0.962089 0.108191
0.323405 -0.940822 0.101311
0.393843 -0.911961 0.114953
0.455484 -0.884297 0.102728
0.497953 -0.859189 0.117629
0.582288 -0.806686 0.100985
0.620209 -0.775413 0.118642
0.664679 -0.738142 0.115537
0.707231 -0.699823 0.10036
0.744526 -0.659182 0.105642
0.768875 -0.628543 0.117324
0.830795 -0.544923 0.113303
0.853569 -0.508169 0.114822
0.878893 -0.464035 0.110539
0.924541 -0.366554 0.104223
0.93282 -0.343851 0.107763
0.954259 -0.274227 0.119115
0.96746 -0.229274 0.107024
0.980754 -0.154553 0.119308
0.988026 -0.115169 0.102668
0.994662 -0.0114134 0.102558
0.993459 0.0587444 0.0979214
0.992579 0.0829567 0.088906
0.983507 0.158097 0.0878539
0.974977 0.206717 0.0817824
0.963035 0.250151 0.0999372
0.940307 0.327757 0.0916372
0.910061 0.405895 0.0838898
0.894053 0.439983 0.0841702
0.855336 0.511689 0.0810874
0.821346 0.562535 0.0945784
0.794607 0.601723 0.080808
0.742007 0.663202 0.0979231
0.720197 0.688197 0.087762
0.659163 0.745642 0.0975843
0.585533 0.80516 0.0941679
0.564983 0.819721 0.0940822
0.488335 0.868857 0.0813421
0.450082 0.88888 0.0855476
0.387775 0.917126 0.0922544
0.344025 0.935312 0.082692
0.290932 0.952831 0.086436
0.218341 0.972126 0.0854322
0.154693 0.984654 0.0807887
0.0684247 0.99405 0.0847546
0.0604069 0.993352 0.0979957
-0.00374272 0.995869 0.0907261
-0.0979058 0.990838 0.0930267
-0.184251 0.979053 0.0866359
-0.234955 0.968205 0.0858803
-0.307585 0.947138 0.0912186
-0.351334 0.932442 0.0843625
-0.407754 0.908431 0.0921375
-0.43066 0.898185 0.088289
-0.531973 0.841427 0.0949006
-0.540234 0.837209 0.0850151
-0.606673 0.789524 0.0927349
-0.639133 0.763583 0.0919217
-0.698712 0.710714 0.0817771
-0.75435 0.650579 0.0877694
-0.79466 0.59964 0.0945866
-0.832183 0.547813 0.0858647
-0.843158 0.530974 0.0845689
-0.885347 0.455336 0.0939619
-0.900531 0.423212 0.0996802
-0.935631 0.339835 0.095425
-0.946505 0.30684 0.0998903
-0.969988 0.223315 0.0961996
-0.986623 0.1388 0.0854921
-0.993924 0.0637634 0.0897129
-0.995312 0.0460855 0.0850319
-0.995163 -0.00698189 0.0979852
-0.991831 -0.0940483 0.0861792
-0.982113 -0.162022 0.0959339
-0.96809 -0.236593 0.0826173
-0.962038 -0.256038 0.094488
-0.926453 -0.365622 0.0894685
-0.919571 -0.384161 0.0825166
-0.895618 -0.433612 0.0992441
-0.87149 -0.482948 0.0852421
-0.80648 -0.583363 0.0963206
-0.798721 -0.594959 0.0898231
-0.739385 -0.668459 0.0804547
-0.695323 -0.71326 0.0882388
-0.677052 -0.730349 0.0905113
-0.624234 -0.776452 0.0863394
-0.544893 -0.833368 0.0926797
-0.530472 -0.842551 0.09331
-0.449862 -0.888113 0.0942315
-0.415227 -0.905566 0.0868152
-0.311554 -0.945672 0.0929473
-0.254899 -0.962383 0.0940527
-0.237441 -0.967964 0.0816559
-0.127541 -0.987132 0.0964531
-0.0678094 -0.99335 0.0930477
-0.0292803 -0.994574 0.0998244
0.0324069 -0.996075 0.0823624
0.116121 -0.989541 0.0855793
0.143913 -0.984955 0.0956703
0.228927 -0.969388 0.0887638
0.262448 -0.960572 0.0917697
0.353905 -0.931704 0.0817248
0.380687 -0.919343 0.0994277
0.442175 -0.893051 0.0833083
0.506897 -0.857876 0.0842788
0.540935 -0.83618 0.090508
0.623696 -0.776302 0.0914268
0.650762 -0.752716 0.0996419
0.691152 -0.718141 0.08113
0.738086 -0.668129 0.0939828
0.779016 -0.619331 0.0977902
0.84112 -0.534357 0.0835461
0.85913 -0.504907 0.0834548
0.874602 -0.47769 0.0829697
0.912423 -0.400754 0.0829435
0.932351 -0.351346 0.0853067
0.959217 -0.269004 0.0868367
0.973587 -0.205657 0.0991626
0.987769 -0.132582 0.0820663
0.991589 -0.0822575 0.0999237
0.995169 -0.0326256 0.0925944
0.99672 0.0500764 0.0635712
0.990532 0.114988 0.0749925
0.987566 0.137 0.0771039
0.973579 0.214134 0.0793081
0.963885 0.256872 0.0703003
0.942914 0.326654 0.0648939
0.912946 0.400703 0.0772509
0.874901 0.480191 0.0629718
0.852193 0.518859 0.0674738
0.829802 0.553399 0.0719542
0.805294 0.589767 0.0606285
0.767638 0.635895 0.079812
0.687377 0.723381 0.0650554
0.648138 0.758973 0.0622619
0.623434 0.778894 0.0682234
0.565124 0.821552 0.0754109
0.508542 0.857417 0.0788775
0.469326 0.879833 0.0750078
0.408647 0.910265 0.0665259
0.358028 0.931299 0.067068
0.284177 0.956108 0.0714142
0.213513 0.974381 0.0706726
0.167427 0.984038 0.0603106
0.0869694 0.993826 0.0688858
0.00263049 0.996827 0.0795597
-0.0620864 0.996231 0.0605649
-0.123764 0.989111 0.0796309
-0.172346 0.981784 0.0799792
-0.241395 0.968428 0.0622551
-0.276873 0.958378 0.0696655
-0.352199 0.932744 0.0770974
-0.379115 0.923252 0.0622732
-0.432256 0.898586 0.0754797
-0.529121 0.84549 0.0719563
-0.537031 0.840519 0.0715969
-0.628146 0.774092 0.0788317
-0.660808 0.747191 0.0709862
-0.702409 0.708156 0.0716762
-0.767851 0.637508 0.0631486
-0.801469 0.592785 0.0790813
-0.808142 0.585778 0.0614019
-0.873007 0.483635 0.0628965
-0.899319 0.433154 0.060023
-0.925114 0.373959 0.0657192
-0.933032 0.353852 0.0651167
-0.964268 0.254744 0.0727567
-0.970569 0.23311 0.060461
-0.981583 0.174304 0.078189
-0.992913 0.0943151 0.072311
-0.996882 0.0122393 0.0779462
-0.997554 -0.010098 0.0691696
-0.989952 -0.124568 0.0669189
-0.989371 -0.129426 0.0662822
-0.973032 -0.219326 0.0714527
-0.957746 -0.276509 0.0791571
-0.927997 -0.365536 0.0721392
-0.921644 -0.381637 0.0701802
-0.889604 -0.452561 0.0615918
-0.853808 -0.514725 0.0779112
-0.812429 -0.578537 0.0724813
-0.779361 -0.62343 0.0626956
-0.734154 -0.675842 0.0652421
-0.691106 -0.720236 0.0602679
-0.665276 -0.742395 0.0790972
-0.628532 -0.774296 0.0735763
-0.541499 -0.837215 0.0764867
-0.489762 -0.868725 0.0738214
-0.42523 -0.902897 0.0629017
-0.408877 -0.910481 0.0620008
-0.311718 -0.947627 0.0695344
-0.253244 -0.965224 0.0648884
-0.233209 -0.970466 0.0617168
-0.135239 -0.987839 0.0767092
-0.108317 -0.991971 0.0652717
-0.0556047 -0.995952 0.0706196
0.0209359 -0.996761 0.0776484
0.116088 -0.991239 0.062991
0.176796 -0.981272 0.0764718
0.200594 -0.977427 0.0663215
0.248284 -0.965714 0.0758378
0.330982 -0.940839 0.0726125
0.406605 -0.911454 0.0626437
0.465075 -0.882026 0.0757302
0.486907 -0.870916 0.0665374
0.544459 -0.834973 0.0798999
0.623811 -0.777583 0.0788889
0.681091 -0.72806 0.0777454
0.694916 -0.714643 0.0798568
0.758589 -0.648427 0.0639143
0.779479 -0.622609 0.0690749
0.831175 -0.552444 0.0628816
0.865271 -0.496691 0.0678492
0.896783 -0.43696 0.0696137
0.908013 -0.413199 0.0691315
0.943093 -0.322791 0.07989
0.955312 -0.285707 0.075833
0.966861 -0.243322 0.0772938
0.98308 -0.165293 0.0789364
0.994754 -0.0797789 0.0640222
0.997418 -0.0122902 0.070755
0.998608 0.0325008 0.0415456
0.9967 0.0649361 0.0487103
0.985727 0.160676 0.0502496
0.977272 0.205062 0.0537456
0.952381 0.300144 0.0536957
0.946554 0.318847 0.0486979
0.924592 0.377724 0.0495438
0.902882 0.427787 0.0424498
0.862539 0.504337 0.0408681
0.809184 0.584967 0.0550927
0.790667 0.609629 0.0565506
0.756967 0.651279 0.0532607
0.711101 0.701352 0.0494025
0.668608 0.742136 0.0468685
0.630602 0.77396 0.0576708
0.584828 0.809128 0.0573467
0.497783 0.866012 0.0472674
0.47409 0.87853 0.0585075
0.403031 0.913555 0.0546241
0.333321 0.941396 0.051681
0.249463 0.966817 0.0550735
0.201407 0.978478 0.044897
0.147956 0.987354 0.056926
0.118341 0.992008 0.0437748
0.0591365 0.996509 0.0589282
-0.0141789 0.998184 0.0585522
-0.0883273 0.994846 0.0497933
-0.127684 0.990588 0.0493233
-0.198927 0.979026 0.0440098
-0.30357 0.951355 0.0526204
-0.338344 0.939482 0.0538153
-0.422345 0.905512 0.0408972
-0.426799 0.902609 0.056024
-0.506416 0.860296 0.0585998
-0.560604 0.826471 0.0516577
-0.619908 0.782456 0.0589678
-0.674778 0.73628 0.0506596
-0.71151 0.700797 0.0513486
-0.7384 0.672416 0.0512117
-0.789072 0.612622 0.0453796
-0.836423 0.545418 0.053991
-0.869611 0.491625 0.0456187
-0.882477 0.467041 0.0557445
-0.904319 0.424688 0.04298
-0.933553 0.354774 0.0511337
-0.963771 0.263492 0.0414351
-0.979869 0.194371 0.0455675
-0.990425 0.130154 0.0460317
-0.996139 0.0772375 0.0417369
-0.997751 0.0420105 0.0522396
-0.99811 -0.0275773 0.0549122
-0.993356 -0.107862 0.0401258
-0.986902 -0.151627 0.0550723
-0.971928 -0.229197 0.0531573
-0.966379 -0.252864 0.0465978
-0.928974 -0.36582 0.0564238
-0.906722 -0.419586 0.0424686
-0.901534 -0.430427 0.0443731
-0.855088 -0.515343 0.0569845
-0.822358 -0.56601 0.0579675
-0.807167 -0.588759 0.0429535
-0.745978 -0.663853 0.0530671
-0.726394 -0.68601 0.0417349
-0.644978 -0.762556 0.0501125
-0.593179 -0.803882 0.0437303
-0.583384 -0.810203 0.0568664
-0.527067 -0.848134 0.0535596
-0.449717 -0.892076 0.0442143
-0.417802 -0.907245 0.0484666
-0.353131 -0.933961 0.0549159
-0.282588 -0.957611 0.0559085
-0.243371 -0.968335 0.0556533
-0.125236 -0.99069 0.0533823
-0.0951026 -0.993858 0.0565903
-0.0456674 -0.997832 0.0473794
0.0303135 -0.997828 0.0584849
0.0891229 -0.994558 0.0539604
0.138498 -0.988612 0.0588539
0.221027 -0.973952 0.0506509
0.265282 -0.962354 0.059167
0.320421 -0.945884 0.0513185
0.411284 -0.909964 0.0530237
0.433004 -0.899831 0.0530256
0.531101 -0.845617 0.0535101
0.565322 -0.823061 0.0546096
0.610641 -0.789885 0.0565567
0.654915 -0.753335 0.0597657
0.699242 -0.713211 0.0488952
0.758378 -0.649719 0.0522362
0.770552 -0.63589 0.0435148
0.840271 -0.540686 0.0400433
0.853205 -0.519178 0.0499485
0.891427 -0.449988 0.0535517
0.923692 -0.379898 0.049699
0.940508 -0.334824 0.0577687
0.959439 -0.275762 0.0585838
0.97382 -0.222844 0.0448994
0.982055 -0.18071 0.0539654
0.995088 -0.0861066 0.0488455
0.998174 -0.0108351 0.0594172
0.999275 0.0126399 0.0359014
0.996504 0.0763254 0.0339732
0.983545 0.178451 0.0281838
0.968508 0.247309 0.0288152
0.961923 0.271845 0.0283538
0.938975 0.343403 0.0200357
0.917194 0.396959 0.0343296
0.887742 0.459796 0.0224007
0.863431 0.502974 0.0387866
0.838048 0.544652 0.0320839
0.791265 0.611114 0.0209657
0.741214 0.670779 0.0256426
0.727944 0.685274 0.0222752
0.663761 0.747566 0.0237901
0.595688 0.802759 0.0270834
0.543395 0.838765 0.0345759
0.504725 0.862391 0.0391812
0.446265 0.894066 0.0386519
0.38964 0.920431 0.0314174
0.367314 0.929682 0.027785
0.272194 0.961419 0.0397971
0.230685 0.972621 0.0281683
0.158087 0.986701 0.0378049
0.114675 0.993159 0.022008
0.0442452 0.998763 0.0226687
-0.0513631 0.99813 0.0331468
-0.0665655 0.997475 0.0247597
-0.165556 0.985759 0.0294995
-0.207893 0.977398 0.0383973
-0.292384 0.95554 0.0381557
-0.330431 0.943124 0.0364968
-0.38056 0.924318 0.0284654
-0.461936 0.886658 0.0212806
-0.501594 0.864796 0.023043
-0.559595 0.828044 0.0345844
-0.601656 0.798095 0.0324691
-0.682576 0.729792 0.0386487
-0.692345 0.721004 0.0285082
-0.748673 0.662205 0.0312064
-0.782208 0.622141 0.0330451
-0.833493 0.551981 0.0246081
-0.861145 0.506974 0.0375095
-0.894954 0.445459 0.0249812
-0.925203 0.377722 0.0364026
-0.935741 0.352104 0.0202986
-0.953722 0.299302 0.0288591
-0.970278 0.24045 0.0272898
-0.98786 0.151917 0.0324734
-0.993485 0.111313 0.0244419
-0.997988 0.0597238 0.0212683
-0.999459 -0.0196663 0.0263443
-0.993404 -0.109695 0.0334078
-0.982816 -0.181358 0.0343748
-0.972571 -0.231616 0.0214466
-0.963628 -0.265273 0.0324321
-0.947404 -0.3176 0.0394563
-0.926027 -0.37689 0.0206836
-0.884432 -0.465921 0.0264079
-0.848782 -0.528199 0.0239748
-0.81649 -0.576628 0.0290432
-0.804564 -0.59269 0.0373688
-0.738745 -0.673656 0.0210688
-0.714488 -0.69876 0.0352269
-0.683411 -0.729278 0.033229
-0.623746 -0.781087 0.0290585
-0.575609 -0.816809 0.038695
-0.514511 -0.857019 0.0282347
-0.433093 -0.901119 0.0203959
-0.373284 -0.927093 0.0340188
-0.328096 -0.944224 0.0281907
-0.271706 -0.961694 0.0363342
-0.239538 -0.970603 0.023491
-0.156073 -0.987439 0.0246129
-0.0896673 -0.995713 0.0226825
-0.0368093 -0.998787 0.0327094
0.0311486 -0.998974 0.0328611
0.0817741 -0.99621 0.0296281
0.172274 -0.984436 0.0347367
0.224291 -0.974135 0.0274721
0.259154 -0.965525 0.0245237
0.358613 -0.933216 0.0224629
0.394934 -0.918154 0.0319335
0.447179 -0.893747 0.0353216
0.510541 -0.859208 0.0333071
0.583631 -0.8113 0.0341718
0.611258 -0.790621 0.0357912
0.638889 -0.768747 0.0291449
0.698445 -0.715134 0.0275237
0.749363 -0.661516 0.029181
0.805311 -0.592431 0.0223456
0.817579 -0.575398 0.0219318
0.857798 -0.512991 0.0319685
0.895278 -0.444555 0.0291366
0.908709 -0.415839 0.0364148
0.94957 -0.311632 0.0346709
0.953277 -0.300276 0.0331394
0.978891 -0.202952 0.0241573
0.982212 -0.185701 0.0278315
0.997098 -0.0663136 0.0374022
0.998924 -0.0363378 0.0288192
0.998828 0.0483289 0.00263646
0.996071 0.0885351 0.00207998
0.987485 0.157663 0.00389251
0.977963 0.208707 0.00553921
0.95823 0.28531 0.0198098
0.931672 0.362991 0.0149639
0.91388 0.405972 0.00309148
0.894083 0.447703 0.0133015
0.860208 0.509761 0.0136376
0.82405 0.566448 0.00883688
0.774412 0.632592 0.0106549
0.760011 0.649887 0.00544233
0.714324 0.69978 0.00704918
0.64807 0.761446 0.0142911
0.5956 0.803152 0.0144124
0.580185 0.814327 0.0160254
0.530776 0.847477 0.00772065
0.458482 0.88866 0.00883021
0.409696 0.91219 0.00770906
0.33139 0.943482 0.00468668
0.307972 0.951393 0.0022542
0.203842 0.97896 0.00926042
0.133311 0.991052 0.00658292
0.0634721 0.997829 0.0175738
0.0201368 0.999722 0.0122782
-0.0535896 0.998527 0.008529
-0.0816775 0.996624 0.00838696
-0.139523 0.99006 0.0177453
-0.21189 0.977267 0.00724511
-0.304 0.952464 0.0198876
-0.321166 0.946902 0.0151466
-0.417538 0.908467 0.0187063
-0.460827 0.887379 0.0140184
-0.531181 0.847135 0.0144805
-0.538033 0.842922 0.00190594
-0.627273 0.778745 0.0092463
-0.640918 0.767379 0.0188177
-0.717217 0.696785 0.00950581
-0.756146 0.654402 0.00106863
-0.783655 0.621171 0.00562113
-0.819607 0.572767 0.0134903
-0.873335 0.486849 0.01628
-0.885165 0.465206 0.00812146
-0.910792 0.412502 0.0173134
-0.93296 0.359928 0.00606162
-0.967492 0.252328 0.017024
-0.971748 0.235656 0.013114
-0.989049 0.147529 0.00407556
-0.992668 0.120831 0.00326686
-0.999829 0.0162495 0.00885986
-0.999825 -0.0059487 0.0177232
-0.997242 -0.0736291 0.00933293
-0.991514 -0.128934 0.0166129
-0.980895 -0.194531 0.00194151
-0.958112 -0.286331 0.00591835
-0.950423 -0.310764 0.0110284
-0.914362 -0.404894 0.00171278
-0.890769 -0.454454 0.00128588
-0.874177 -0.485605 0.00133359
-0.822442 -0.568825 0.00520082
-0.774853 -0.631944 0.0158002
-0.747823 -0.663842 0.00860347
-0.712918 -0.701017 0.0179552
-0.640295 -0.767961 0.0160466
-0.600147 -0.799811 0.0112351
-0.559362 -0.828899 0.00639487
-0.524444 -0.851439 0.00301258
-0.480715 -0.87686 0.00549913
-0.389715 -0.92082 0.0145665
-0.310419 -0.950442 0.017307
-0.273934 -0.961631 0.0150033
-0.238637 -0.970905 0.0198935
-0.128993 -0.991522 0.0156437
-0.115904 -0.993239 0.0065503
-0.0369016 -0.999123 0.0197787
0.0138887 -0.999894 0.00437248
0.0847883 -0.996301 0.013976
0.150438 -0.988609 0.0044931
0.247043 -0.968988 0.00565499
0.258119 -0.966024 0.0131533
0.310362 -0.950603 0.00544607
0.40158 -0.915805 0.00584831
0.450162 -0.892816 0.0152759
0.509451 -0.860462 0.00808411
0.573898 -0.818711 0.0187881
0.60342 -0.797357 0.0103274
0.660729 -0.750499 0.0137264
0.708466 -0.705667 0.0105074
0.735217 -0.677736 0.0114003
0.787864 -0.615817 0.00634738
0.825775 -0.563931 0.00880884
0.872039 -0.489391 0.00675793
0.889209 -0.457486 0.00369582
0.918463 -0.395233 0.014716
0.943062 -0.332409 0.0117907
0.953685 -0.300743 0.00624087
0.974437 -0.224538 0.00741741
0.991003 -0.133721 0.0056954
0.994369 -0.105922 0.00343661
0.999897 -0.00698846 0.0125358
0.998551 0.0538108 -0.000829413
0.996369 0.085043 -0.00398395
0.985897 0.167208 -0.00691586
0.971838 0.234983 -0.0177329
0.958941 0.28313 -0.0164188
0.943389 0.331661 -0.00433651
0.90804 0.418884 -0.000665652
0.880843 0.473384 -0.00482515
0.86055 0.509326 -0.00632754
0.818962 0.573798 -0.00761903
0.806463 0.591281 -0.00223985
0.739896 0.672499 -0.0173001
0.703503 0.710632 -0.00928898
0.67098 0.741376 -0.0121291
0.588725 0.808137 -0.0178252
0.539387 0.84205 -0.00362767
0.515413 0.856778 -0.01673
0.471677 0.881752 -0.0057576
0.415832 0.909441 -0.00108816
0.316398 0.948433 -0.0191614
0.298514 0.954289 -0.014876
0.201118 0.979554 -0.00511695
0.156614 0.987659 -0.00107652
0.102216 0.994684 -0.0125115
0.0623813 0.998052 -5.12344e-05
-0.00719758 0.999972 -0.00194093
-0.122967 0.99241 -0.00150866
-0.158886 0.987149 -0.0171135
-0.215808 0.976376 -0.0108457
-0.274941 0.961317 -0.01665
-0.309834 0.950749 -0.00883587
-0.384315 0.923173 -0.00732554
-0.462585 0.88654 -0.0078893
-0.506252 0.862336 -0.00921184
-0.557773 0.829828 -0.0165736
-0.616486 0.787339 -0.00648444
-0.66503 0.746722 -0.0118712
-0.713607 0.700511 -0.00699125
-0.769516 0.638626 -0.00154349
-0.773697 0.633556 -0.000351819
-0.813073 0.581831 -0.0196332
-0.846238 0.53279 -0.00388581
-0.877814 0.479 -0.00153378
-0.920632 0.390248 -0.0119395
-0.939321 0.342886 -0.0102419
-0.967858 0.251495 -0.00105044
-0.974753 0.223111 -0.00886721
-0.990775 0.135434 -0.00464375
-0.996628 0.0820427 -0.00145911
-0.999964 0.00618025 -0.00573398
-0.999261 -0.0383758 -0.00222886
-0.994223 -0.106919 -0.00948233
-0.984296 -0.176486 -0.00381981
-0.978966 -0.2039 -0.00704784
-0.962418 -0.271102 -0.0159763
-0.934743 -0.355257 -0.00695803
-0.916655 -0.399561 -0.0096924
-0.889126 -0.457355 -0.0167515
-0.862768 -0.505462 -0.0118432
-0.840794 -0.541343 -0.00360569
-0.800213 -0.599466 -0.0172806
-0.758059 -0.652185 -0.00116295
-0.7163 -0.697671 -0.0130321
-0.65066 -0.759364 -0.00290428
-0.616163 -0.787374 -0.0196623
-0.582923 -0.812431 -0.0125239
-0.530494 -0.847688 -0.000856673
-0.468768 -0.883177 -0.0159912
-0.41705 -0.908696 -0.0184798
-0.325517 -0.945483 -0.0100398
-0.2578 -0.966142 -0.0104387
-0.248278 -0.968636 -0.0100657
-0.166297 -0.986044 -0.00784166
-0.0637745 -0.9979 -0.0113573
-0.0158217 -0.999755 -0.0155082
0.0401662 -0.999191 -0.00176997
0.0719697 -0.997214 -0.0196191
0.164626 -0.986174 -0.0189365
0.193051 -0.98115 -0.00873962
0.274159 -0.961658 -0.00714243
0.36713 -0.930111 -0.0104791
0.400974 -0.916031 -0.010293
0.443558 -0.896244 -0.00167262
0.482112 -0.875964 -0.0160122
0.551758 -0.833952 -0.00932332
0.63678 -0.770907 -0.0146086
0.648667 -0.761066 -0.00304982
0.708944 -0.704984 -0.0198932
0.752653 -0.658317 -0.0114916
0.784299 -0.620293 -0.0105763
0.831185 -0.555961 -0.00621345
0.853837 -0.520165 -0.0197885
0.903009 -0.42935 -0.0152792
0.909975 -0.414251 -0.0184838
0.936137 -0.351634 -0.000565889
0.96113 -0.275816 -0.0124207
0.970655 -0.24042 -0.00529258
0.986149 -0.165843 -0.0023807
0.997657 -0.0678258 -0.00899803
0.999961 -0.00527348 -0.00711767
0.999686 0.00542168 -0.0244449
0.995549 0.0862074 -0.0380834
0.983116 0.18107 -0.0264007
0.969494 0.242092 -0.0383862
0.960787 0.275742 -0.029227
0.934664 0.354659 -0.024892
0.924053 0.381669 -0.0213089
0.881221 0.472226 -0.021273
0.844506 0.535035 -0.0234056
0.837399 0.546203 -0.0206069
0.784037 0.620195 -0.0253831
0.748247 0.662496 -0.0350165
0.690044 0.722885 -0.0357415
0.67314 0.738556 -0.0376408
0.625434 0.779456 -0.0357901
0.587032 0.809236 -0.0230608
0.532601 0.845952 -0.0264848
0.445724 0.894741 -0.0277298
0.408004 0.912142 -0.0391208
0.343454 0.938665 -0.0307777
0.261682 0.964516 -0.0350786
0.198461 0.97982 -0.0237882
0.171704 0.984938 -0.0203503
0.113557 0.992984 -0.0329756
0.0201535 0.999489 -0.0248181
-0.03203 0.999102 -0.0277274
-0.071366 0.997095 -0.0266102
-0.132631 0.990946 -0.0208768
-0.244127 0.969534 -0.0201411
-0.296726 0.954578 -0.0270911
-0.339095 0.940464 -0.0232761
-0.396199 0.917452 -0.0361662
-0.436608 0.899107 -0.0312962
-0.510038 0.859854 -0.0226464
-0.570691 0.820617 -0.030012
-0.600196 0.798913 -0.0387647
-0.643311 0.765052 -0.0290939
-0.705708 0.708177 -0.0214781
-0.759001 0.650504 -0.0276142
-0.794377 0.606517 -0.0332
-0.810407 0.585195 -0.0280362
-0.867858 0.496296 -0.0226335
-0.881319 0.471929 -0.0236713
-0.909239 0.414628 -0.036998
-0.934202 0.356064 -0.0220279
-0.955318 0.292896 -0.0397436
-0.979224 0.19987 -0.0342411
-0.984792 0.170161 -0.035065
-0.996759 0.069909 -0.0398058
-0.998842 0.0319623 -0.0359543
-0.998447 -0.0462023 -0.0311355
-0.997373 -0.0634711 -0.0349084
-0.983667 -0.176096 -0.037272
-0.978864 -0.202348 -0.0296735
-0.965839 -0.257301 -0.0308401
-0.930422 -0.364586 -0.0373185
-0.904635 -0.425522 -0.023801
-0.894081 -0.44665 -0.0335226
-0.859672 -0.510308 -0.0234622
-0.834552 -0.55004 -0.0312847
-0.787699 -0.615088 -0.0346098
-0.752137 -0.658287 -0.0307941
-0.715986 -0.697595 -0.0269381
-0.668555 -0.742867 -0.0343883
-0.611886 -0.790594 -0.0235705
-0.549427 -0.834742 -0.0365616
-0.504902 -0.862813 -0.0250616
-0.475026 -0.879278 -0.0349355
-0.412474 -0.910544 -0.0278564
-0.312793 -0.949431 -0.0272198
-0.295315 -0.955005 -0.0274825
-0.214055 -0.976099 -0.0375727
-0.152989 -0.987924 -0.0244903
-0.100435 -0.994189 -0.0387558
-0.0312762 -0.999277 -0.0216159
0.0509241 -0.998142 -0.0334426
0.0760514 -0.996881 -0.0210688
0.1502 -0.988338 -0.0250767
0.246949 -0.968561 -0.0300958
0.289858 -0.956439 -0.0347507
0.342462 -0.939059 -0.0298075
0.410974 -0.911205 -0.0283724
0.435046 -0.90012 -0.0227823
0.510414 -0.859124 -0.0372027
0.547292 -0.836476 -0.0279168
0.625952 -0.77931 -0.0293352
0.65372 -0.756182 -0.0289608
0.714477 -0.69915 -0.0266828
0.740023 -0.671507 -0.0380033
0.808128 -0.588618 -0.0214035
0.835016 -0.549081 -0.0354791
0.870471 -0.490913 -0.0358449
0.877027 -0.478848 -0.0390828
0.91645 -0.399394 -0.0245549
0.950183 -0.311026 -0.0203866
0.960213 -0.278333 -0.0228449
0.976286 -0.214309 -0.030618
0.988992 -0.145829 -0.0250632
0.99239 -0.118197 -0.0345251
0.998191 -0.0551166 -0.024039
0.998028 0.0419582 -0.0466884
0.992071 0.111574 -0.0578412
0.98943 0.139307 -0.0402822
0.968739 0.243175 -0.0491002
0.958652 0.28016 -0.0499626
0.944048 0.324684 -0.0579046
0.912073 0.407511 -0.0453498
0.898018 0.437951 -0.0419897
0.864922 0.49892 -0.0546712
0.816869 0.574327 -0.0536112
0.776744 0.628145 -0.0458501
0.735765 0.675724 -0.0452518
0.705603 0.707001 -0.0476733
0.678651 0.732766 -0.0498683
0.602327 0.796516 -0.0525809
0.537228 0.842255 -0.0446402
0.528637 0.84753 -0.0472816
0.460101 0.886166 -0.0549184
0.413864 0.909124 -0.0470053
0.317728 0.947073 -0.0458491
0.297337 0.953215 -0.0545223
0.187607 0.981328 -0.0424096
0.1735 0.983154 -0.0575033
0.0872192 0.995203 -0.0443047
0.00653905 0.99868 -0.0509438
-0.0526763 0.997494 -0.0472323
-0.101724 0.993326 -0.0543719
-0.131518 0.989882 -0.053262
-0.196852 0.979499 -0.0427991
-0.294892 0.954506 -0.0442435
-0.33489 0.940529 -0.0570376
-0.380138 0.923314 -0.0546493
-0.452182 0.890445 -0.051365
-0.530781 0.845919 -0.0518829
-0.58117 0.812016 -0.0535863
-0.607269 0.792567 -0.0553383
-0.678788 0.733162 -0.0414858
-0.725954 0.686068 -0.0479806
-0.754169 0.655327 -0.0421472
-0.795027 0.604413 -0.0511637
-0.840556 0.539394 -0.0502012
-0.850878 0.52299 -0.0498849
-0.879885 0.472454 -0.0508801
-0.921281 0.386093 -0.0466181
-0.940785 0.33583 -0.0462772
-0.953074 0.298736 -0.0490593
-0.96968 0.236964 -0.0597452
-0.987106 0.152815 -0.047634
-0.996513 0.0642137 -0.0532762
-0.997925 0.0412104 -0.0494806
-0.998246 -0.0151135 -0.057249
-0.991104 -0.121205 -0.054971
-0.990012 -0.134406 -0.0425668
-0.977772 -0.201571 -0.0577239
-0.959795 -0.275213 -0.055237
-0.944057 -0.324676 -0.0578049
-0.919583 -0.39004 -0.0472836
-0.877971 -0.476094 -0.0500112
-0.848856 -0.526175 -0.0508367
-0.813218 -0.579645 -0.051843
-0.806437 -0.58941 -0.0474909
-0.755207 -0.654239 -0.0404287
-0.710689 -0.70209 -0.0446109
-0.64143 -0.76496 -0.0583464
-0.617587 -0.785062 -0.0475796
-0.574869 -0.817021 -0.0447496
-0.481853 -0.874669 -0.0526459
-0.438922 -0.897468 -0.0435634
-0.421732 -0.905716 -0.0426723
-0.31469 -0.947301 -0.0599266
-0.255264 -0.965569 -0.0501749
-0.195034 -0.979838 -0.0433474
-0.145854 -0.988263 -0.0454214
-0.074403 -0.995676 -0.0556223
-0.0393194 -0.997976 -0.0499879
0.0548054 -0.99707 -0.0533719
0.105864 -0.993204 -0.0483676
0.165504 -0.985195 -0.044715
0.196647 -0.97958 -0.0418633
0.276951 -0.959537 -0.0508656
0.354822 -0.933548 -0.0508884
0.377867 -0.924268 -0.0542716
0.475053 -0.878215 -0.0553358
0.529617 -0.8462 -0.0587469
0.583386 -0.81004 -0.0591223
0.610205 -0.790268 -0.0559175
0.681775 -0.729385 -0.0564051
0.687965 -0.724236 -0.0467558
0.733045 -0.678141 -0.0526235
0.774407 -0.630016 -0.0580845
0.828613 -0.557599 -0.0498434
0.872883 -0.48628 -0.0400902
0.882574 -0.467991 -0.0452571
0.912926 -0.404903 -0.0511896
0.931065 -0.361699 -0.0478665
0.966054 -0.252073 -0.0565633
0.97486 -0.215224 -0.0576704
0.988237 -0.146968 -0.0422891
0.991341 -0.121959 -0.0486699
0.997964 -0.0382927 -0.0510144
0.996582 0.0217061 -0.0797095
0.990614 0.112877 -0.0770894
0.988356 0.137007 -0.0661968
0.966549 0.244353 -0.077941
0.952745 0.296466 -0.0662233
0.93249 0.355934 -0.0614316
0.92589 0.371716 -0.067482
0.884617 0.460365 -0.0742778
0.865992 0.49564 -0.066327
0.816986 0.5711 -0.0798594
0.775853 0.62729 -0.0675225
0.757987 0.648177 -0.0729483
0.693802 0.717018 -0.0672577
0.645247 0.759961 -0.0781992
0.613066 0.786341 -0.0762735
0.545329 0.835797 -0.0637197
0.532129 0.843232 -0.0761455
0.474056 0.877538 -0.0720976
0.396206 0.915883 -0.0646543
0.335513 0.940048 -0.0611625
0.300598 0.95146 -0.0660642
0.206793 0.976092 -0.0669442
0.183231 0.980977 -0.064116
0.092519 0.993502 -0.0662853
0.043417 0.996829 -0.0666894
-0.0445398 0.996914 -0.0646364
-0.117571 0.991092 -0.0625675
-0.1554 0.984655 -0.0794049
-0.240751 0.967851 -0.0728221
-0.275664 0.959003 -0.0657528
-0.336425 0.939337 -0.0668177
-0.375965 0.924346 -0.0650786
-0.472789 0.878368 -0.0702816
-0.521212 0.850925 -0.0653055
-0.551621 0.831382 -0.0672149
-0.619668 0.7821 -0.0658134
-0.666191 0.742577 -0.0690622
-0.712535 0.698447 -0.0668254
-0.754465 0.652158 -0.0739796
-0.770287 0.634515 -0.0636211
-0.821399 0.56482 -0.0792554
-0.845004 0.529492 -0.0748808
-0.895092 0.440994 -0.0658421
-0.925838 0.371067 -0.071648
-0.946047 0.315953 -0.0718898
-0.965342 0.25204 -0.0677598
-0.975634 0.208963 -0.0668733
-0.989069 0.13394 -0.0616707
-0.992182 0.103307 -0.0700147
-0.99736 0.00868087 -0.0720907
-0.995722 -0.0560658 -0.0734442
-0.995019 -0.0704709 -0.0705087
-0.981363 -0.1787 -0.0706617
-0.976641 -0.201105 -0.0756844
-0.949364 -0.306179 -0.0704447
-0.93919 -0.33713 -0.0653102
-0.927431 -0.36784 -0.0675629
-0.88383 -0.462309 -0.0715229
-0.869044 -0.489097 -0.0744768
-0.831275 -0.551169 -0.0720693
-0.76944 -0.635841 -0.0605717
-0.753794 -0.653881 -0.065074
-0.712413 -0.697988 -0.0726676
-0.676963 -0.733176 -0.0645998
-0.594542 -0.800678 -0.0737209
-0.567606 -0.819413 -0.0799118
-0.506489 -0.859014 -0.0745946
-0.466083 -0.881994 -0.0696714
-0.409552 -0.909767 -0.0677545
-0.313624 -0.946971 -0.0698975
-0.262693 -0.962711 -0.0646613
-0.210831 -0.975162 -0.0678991
-0.126773 -0.989062 -0.0753988
-0.0942938 -0.993379 -0.0656293
-0.00721573 -0.998013 -0.0625929
0.00991276 -0.99704 -0.0762421
0.0667152 -0.994756 -0.0775278
0.156649 -0.985127 -0.0706096
0.233542 -0.969962 -0.0680609
0.253432 -0.964604 -0.0728776
0.346072 -0.935449 -0.0718999
0.386096 -0.919878 -0.0689468
0.476989 -0.876633 -0.0632098
0.510328 -0.856982 -0.0717508
0.539085 -0.839818 -0.063974
0.608054 -0.790877 -0.0691634
0.675786 -0.73308 -0.0768561
0.710778 -0.700779 -0.0608596
0.740595 -0.667584 -0.0764846
0.80575 -0.588987 -0.0621305
0.839842 -0.539023 -0.0641875
0.84556 -0.530239 -0.0622421
0.892191 -0.444572 -0.0796887
0.912555 -0.402581 -0.0719106
0.93304 -0.353276 -0.068061
0.966209 -0.248207 -0.0695314
0.978423 -0.191497 -0.0775775
0.980575 -0.184542 -0.0664555
0.994688 -0.06821 -0.0770964
0.995659 -0.059281 -0.0717516
0.994998 0.00286019 -0.0998546
0.989352 0.114611 -0.0897057
0.982658 0.157427 -0.0979776
0.968906 0.230883 -0.0889656
0.954798 0.280963 -0.0970541
0.945679 0.311353 -0.0935396
0.906739 0.412092 -0.0894686
0.88913 0.450073 -0.0829569
0.849501 0.520089 -0.0886332
0.811241 0.576625 -0.0969069
0.792996 0.601021 -0.0996557
0.73145 0.67501 -0.0966552
0.719636 0.68914 -0.0849165
0.67665 0.729752 -0.0980206
0.611441 0.787101 -0.0813169
0.582782 0.80837 -0.0830832
0.499414 0.861604 -0.0906872
0.455526 0.884825 -0.0978822
0.404803 0.910597 -0.0833541
0.365662 0.927028 -0.0831269
0.257575 0.961281 -0.0979438
0.225314 0.970859 -0.0816498
0.172404 0.980678 -0.0924481
0.121392 0.987896 -0.0965698
0.0203905 0.994831 -0.0994743
-0.0597748 0.993412 -0.0977756
-0.107416 0.989181 -0.099915
-0.139724 0.98549 -0.0963633
-0.230459 0.968181 -0.0975414
-0.304449 0.948561 -0.0868443
-0.337323 0.93762 -0.0841561
-0.409747 0.908682 -0.0800297
-0.474364 0.876434 -0.0827163
-0.496636 0.863932 -0.083508
-0.551317 0.829979 -0.0847597
-0.592407 0.800984 -0.0864786
-0.654607 0.751366 -0.0833013
-0.716834 0.691396 -0.0901159
-0.739982 0.666203 -0.0927351
-0.790657 0.604553 -0.0968307
-0.83244 0.548286 -0.0801624
-0.840928 0.533383 -0.0913395
-0.884181 0.45858 -0.089037
-0.910134 0.40552 -0.0849088
-0.939551 0.332425 -0.0820867
-0.953435 0.289245 -0.0854366
-0.969461 0.231245 -0.0816806
-0.981539 0.173223 -0.081086
-0.99036 0.110615 -0.0833783
-0.995208 0.0371043 -0.0904673
-0.994419 -0.0529899 -0.0912289
-0.990011 -0.10782 -0.0908414
-0.988138 -0.127851 -0.0850742
-0.96631 -0.24103 -0.0902796
-0.959082 -0.269222 -0.087643
-0.939365 -0.330894 -0.0900188
-0.925093 -0.370844 -0.0817165
-0.886486 -0.454334 -0.0878828
-0.852842 -0.514518 -0.0890611
-0.821131 -0.562379 -0.0973319
-0.800996 -0.59267 -0.0845447
-0.754297 -0.649269 -0.0973906
-0.685344 -0.722854 -0.0882349
-0.654797 -0.750353 -0.0906222
-0.632589 -0.77002 -0.0830707
-0.548113 -0.830435 -0.0997511
-0.504994 -0.857537 -0.0980353
-0.4713 -0.877488 -0.0888298
-0.369168 -0.924843 -0.0915499
-0.310406 -0.947154 -0.0809189
-0.275133 -0.957532 -0.0862197
-0.223615 -0.970787 -0.0869982
-0.140668 -0.985745 -0.092296
-0.120511 -0.987794 -0.0986897
-0.01245 -0.996072 -0.0876726
0.0382079 -0.994979 -0.092505
0.0933229 -0.990723 -0.0987901
0.146482 -0.984303 -0.0984426
0.214433 -0.972733 -0.0883722
0.281959 -0.954342 -0.0986381
0.361935 -0.927834 -0.0901543
0.390479 -0.91661 -0.0857424
0.46489 -0.880885 -0.0889817
0.481198 -0.871844 -0.0912992
0.565336 -0.819524 -0.0936816
0.634009 -0.766869 -0.0997244
0.65129 -0.754259 -0.0831558
0.716334 -0.692207 -0.0878375
0.740374 -0.667223 -0.0816037
0.785055 -0.611815 -0.096809
0.823049 -0.56194 -0.0825489
0.843759 -0.5305 -0.0814936
0.900278 -0.423859 -0.0992095
0.911133 -0.402528 -0.088364
0.933928 -0.346205 -0.0890011
0.963163 -0.250024 -0.0990245
0.968648 -0.233302 -0.0853913
0.985962 -0.142305 -0.0873451
0.992815 -0.0667092 -0.0993392
0.995247 -0.0218249 -0.0949046
0.992786 0.0456592 -0.110862
0.987935 0.105986 -0.112922
0.986706 0.127043 -0.101352
0.974612 0.195312 -0.10947
0.957928 0.266201 -0.107287
0.93511 0.336116 -0.112232
0.906924 0.405127 -0.115593
0.878575 0.464484 -0.111175
0.839627 0.531138 -0.113661
0.835403 0.540018 -0.102384
0.801818 0.587994 -0.106541
0.742206 0.662392 -0.101818
0.704956 0.701258 -0.106176
0.668008 0.736522 -0.106305
0.630793 0.768426 -0.107807
0.535549 0.836144 -0.118536
0.501693 0.857254 -0.115839
0.430986 0.895295 -0.112688
0.416985 0.901959 -0.112218
0.308936 0.945796 -0.100146
0.270207 0.956676 -0.108437
0.234991 0.965828 -0.109341
0.184742 0.977043 -0.106103
0.0630792 0.990909 -0.118832
0.0586799 0.99325 -0.100054
-0.0206085 0.994527 -0.102427
-0.0756918 0.991836 -0.102625
-0.151637 0.981304 -0.118527
-0.200967 0.973011 -0.113408
-0.250731 0.961284 -0.114316
-0.345196 0.932521 -0.106042
-0.370918 0.920895 -0.119885
-0.45866 0.882468 -0.10431
-0.522838 0.844075 -0.119072
-0.581927 0.805107 -0.11473
-0.59178 0.797705 -0.116032
-0.646276 0.7549 -0.111595
-0.719828 0.685826 -0.107196
-0.737632 0.666848 -0.105888
-0.776863 0.618617 -0.117463
-0.839273 0.533028 -0.107245
-0.855068 0.506155 -0.112537
-0.887668 0.448556 -0.104134
-0.920356 0.372641 -0.118672
-0.937657 0.327669 -0.115897
-0.946178 0.301072 -0.118757
-0.975966 0.190496 -0.105839
-0.982424 0.155129 -0.10382
-0.987051 0.115593 -0.111214
-0.993324 0.0438928 -0.106677
-0.994737 -0.00846585 -0.10211
-0.988462 -0.105058 -0.10911
-0.978629 -0.174942 -0.108082
-0.967063 -0.228864 -0.111403
-0.956235 -0.274121 -0.102336
-0.934534 -0.335064 -0.119912
-0.909246 -0.401801 -0.108755
-0.880499 -0.458752 -0.119452
-0.84292 -0.527988 -0.103514
-0.805148 -0.582702 -0.110432
-0.786812 -0.607108 -0.111111
-0.731706 -0.674043 -0.10135
-0.713568 -0.692238 -0.10783
-0.636056 -0.764175 -0.1071
-0.599956 -0.792701 -0.108063
-0.558532 -0.822812 -0.104988
-0.494528 -0.861321 -0.116485
-0.466594 -0.878351 -0.103877
-0.379536 -0.918566 -0.110405
-0.328293 -0.937109 -0.118537
-0.252028 -0.962099 -0.104146
-0.208141 -0.972732 -0.102322
-0.180783 -0.977251 -0.110899
-0.0798467 -0.991177 -0.105791
-0.0117812 -0.992716 -0.119897
0.0343506 -0.992907 -0.113824
0.109666 -0.988363 -0.105411
0.165511 -0.980281 -0.107958
0.232442 -0.96742 -0.100346
0.272451 -0.955595 -0.112286
0.358007 -0.927354 -0.108834
0.380903 -0.91698 -0.11858
0.430059 -0.895905 -0.111372
0.48369 -0.868314 -0.109886
0.554098 -0.824083 -0.117737
0.588664 -0.800225 -0.114518
0.673397 -0.731516 -0.106872
0.71937 -0.685077 -0.114785
0.725051 -0.678404 -0.118613
0.801168 -0.587831 -0.112184
0.814355 -0.568494 -0.116798
0.842926 -0.526765 -0.109518
0.896797 -0.430718 -0.101183
0.900797 -0.418612 -0.115451
0.932487 -0.343226 -0.112534
0.946603 -0.303079 -0.109937
0.9695 -0.221457 -0.10501
0.984972 -0.135824 -0.106687
0.991133 -0.0730774 -0.110974
0.99237 -0.035208 -0.118158
0.991371 0.039499 -0.124996
0.986471 0.0990928 -0.130595
0.981518 0.140886 -0.129515
0.968936 0.210609 -0.129639
0.959441 0.252206 -0.125955
0.940712 0.314679 -0.126639
0.902437 0.411421 -0.12783
0.885414 0.44769 -0.124963
0.867825 0.478563 -0.133633
0.826654 0.547359 -0.130542
0.80147 0.584144 -0.128151
0.737436 0.663267 -0.127535
0.691838 0.710437 -0.128995
0.632127 0.763959 -0.129542
0.613286 0.778957 -0.130795
0.542398 0.830208 -0.128681
0.480229 0.868844 -0.120376
0.450578 0.883562 -0.127659
0.373073 0.91939 -0.124655
0.333707 0.932518 -0.13802
0.292196 0.946186 -0.13912
0.225452 0.965083 -0.133365
0.129587 0.98418 -0.120815
0.0794413 0.987524 -0.135963
0.0419723 0.989439 -0.138742
-0.0214962 0.992467 -0.120616
-0.087607 0.988028 -0.126984
-0.173692 0.977455 -0.120054
-0.215275 0.968856 -0.122372
-0.285853 0.948581 -0.135948
-0.319756 0.9375 -0.137297
-0.415652 0.900335 -0.128958
-0.468771 0.874587 -0.123904
-0.501014 0.855986 -0.127564
-0.545595 0.827281 -0.133913
-0.614371 0.776647 -0.13917
-0.661581 0.738477 -0.130242
-0.702467 0.697815 -0.139983
-0.755779 0.641618 -0.130863
-0.783152 0.609033 -0.125506
-0.813999 0.567813 -0.122452
-0.85179 0.505788 -0.136498
-0.892011 0.43161 -0.134272
-0.918534 0.374922 -0.125414
-0.923903 0.361234 -0.126149
-0.946271 0.296177 -0.129811
-0.973734 0.189655 -0.12599
-0.980366 0.155608 -0.121118
-0.986001 0.0973271 -0.135385
-0.989809 0.0332891 -0.138454
-0.989427 -0.0548377 -0.134265
-0.989549 -0.0763366 -0.122332
-0.982745 -0.131418 -0.130159
-0.972619 -0.188773 -0.135564
-0.958447 -0.249525 -0.138262
-0.942218 -0.308483 -0.130626
-0.913822 -0.385684 -0.127192
-0.89518 -0.42628 -0.130149
-0.845175 -0.519984 -0.123677
-0.819458 -0.55625 -0.138108
-0.786664 -0.602006 -0.136926
-0.757821 -0.638707 -0.133272
-0.69167 -0.711015 -0.126689
-0.673761 -0.726916 -0.13281
-0.605129 -0.786557 -0.123071
-0.53817 -0.832535 -0.131373
-0.494828 -0.859379 -0.128888
-0.425295 -0.896816 -0.121843
-0.372195 -0.918134 -0.136019
-0.323695 -0.938512 -0.120068
-0.274228 -0.951642 -0.138477
-0.229283 -0.963953 -0.134995
-0.169846 -0.975786 -0.137819
-0.119687 -0.984638 -0.127133
-0.0460091 -0.991621 -0.120708
0.0548888 -0.989819 -0.131323
0.076503 -0.988137 -0.133161
0.185556 -0.975211 -0.120549
0.226214 -0.964111 -0.138985
0.253038 -0.959743 -0.121924
0.345747 -0.930015 -0.124624
0.403272 -0.904401 -0.139392
0.425808 -0.895856 -0.127001
0.485722 -0.864004 -0.132558
0.563393 -0.814473 -0.138641
0.624452 -0.768901 -0.137301
0.661617 -0.739632 -0.12332
0.681953 -0.721015 -0.122787
0.742829 -0.655221 -0.13744
0.799503 -0.58801 -0.122637
0.826355 -0.546688 -0.135162
0.850103 -0.508811 -0.135781
0.89118 -0.431974 -0.138555
0.919258 -0.372205 -0.128174
0.933038 -0.33559 -0.12969
0.954548 -0.263348 -0.139595
0.974183 -0.189052 -0.123394
0.979778 -0.153934 -0.127825
0.985068 -0.123238 -0.120221
0.991054 -0.0035438 -0.133416
0.987665 0.0332656 -0.153009
0.981334 0.112492 -0.15598
0.972901 0.181689 -0.143013
0.969767 0.186426 -0.15747
0.957734 0.246245 -0.148688
0.935259 0.316442 -0.158602
0.901308 0.404855 -0.154066
0.876906 0.455938 -0.152174
0.865775 0.477199 -0.150714
0.834082 0.530811 -0.15016
0.781628 0.60533 -0.150446
0.733142 0.662243 -0.154718
0.715428 0.68267 -0.148742
0.656813 0.74013 -0.144236
0.587642 0.796398 -0.142926
0.540559 0.828217 -0.147824
0.51988 0.841256 -0.148369
0.44487 0.882557 -0.152265
0.393847 0.908052 -0.142572
0.331127 0.93129 -0.151835
0.274537 0.94983 -0.149841
0.233917 0.959804 -0.15511
0.163116 0.97592 -0.14482
0.0758397 0.984758 -0.156528
0.0413514 0.988177 -0.147633
-0.0560726 0.986174 -0.155938
-0.0949758 0.98311 -0.156443
-0.139832 0.978451 -0.15192
-0.234178 0.960047 -0.153199
-0.293863 0.943336 -0.154146
-0.311152 0.937831 -0.153808
-0.370119 0.916455 -0.152061
-0.433359 0.889353 -0.145775
-0.498578 0.853135 -0.153558
-0.54349 0.825157 -0.154062
-0.589998 0.791472 -0.159606
-0.664139 0.731188 -0.155831
-0.678502 0.719575 -0.14781
-0.730748 0.667715 -0.142001
-0.779761 0.606283 -0.156185
-0.821282 0.55017 -0.151025
-0.847268 0.510214 -0.147713
-0.89507 0.422449 -0.142779
-0.91421 0.37539 -0.152652
-0.925981 0.343933 -0.155789
-0.94877 0.276946 -0.152104
-0.960941 0.233368 -0.148769
-0.978354 0.140672 -0.151774
-0.983054 0.107493 -0.148492
-0.988252 0.0542206 -0.14289
-0.988545 -0.00775089 -0.150726
-0.985776 -0.0824353 -0.146456
-0.973249 -0.167546 -0.157212
-0.958636 -0.24361 -0.147208
-0.953651 -0.255723 -0.158603
-0.930791 -0.333877 -0.148847
-0.898312 -0.410914 -0.155517
-0.86796 -0.471134 -0.157096
-0.850576 -0.50212 -0.156193
-0.813705 -0.560431 -0.154275
-0.787248 -0.596434 -0.156546
-0.752109 -0.643651 -0.141579
-0.691647 -0.706371 -0.150544
-0.631527 -0.758696 -0.159859
-0.622755 -0.766156 -0.158684
-0.557937 -0.817716 -0.14159
-0.508863 -0.848506 -0.145244
-0.469165 -0.869229 -0.155967
-0.412491 -0.899777 -0.142311
-0.361767 -0.921441 -0.141669
-0.274439 -0.950369 -0.146568
-0.239577 -0.959135 -0.150542
-0.16198 -0.975772 -0.147075
-0.114002 -0.983512 -0.140382
-0.0165758 -0.987398 -0.157385
0.043222 -0.986929 -0.15525
0.114288 -0.983386 -0.141036
0.159278 -0.974305 -0.159246
0.243177 -0.958285 -0.150181
0.272422 -0.950316 -0.150617
0.34176 -0.92902 -0.141854
0.383865 -0.909723 -0.158275
0.46122 -0.876131 -0.140252
0.483296 -0.862588 -0.149554
0.558211 -0.814629 -0.157417
0.591683 -0.7933 -0.143477
0.663958 -0.734214 -0.141739
0.696911 -0.702124 -0.146071
0.735206 -0.662877 -0.141656
0.797853 -0.583353 -0.152082
0.814111 -0.563304 -0.14111
0.837941 -0.523883 -0.152973
0.88481 -0.44309 -0.14416
0.912113 -0.380025 -0.153726
0.923949 -0.351312 -0.151324
0.953106 -0.266612 -0.143206
0.957773 -0.24117 -0.156549
0.981008 -0.133959 -0.140277
0.983367 -0.093482 -0.155723
0.986991 -0.0212729 -0.159364
0.986906 0.00880843 -0.161055
0.981666 0.0704157 -0.177126
0.975187 0.133159 -0.17686
0.955346 0.240549 -0.171608
0.951638 0.256133 -0.16965
0.925132 0.335566 -0.177557
0.903581 0.392802 -0.171021
0.870193 0.461377 -0.172906
0.854532 0.493242 -0.162749
0.807954 0.564334 -0.169522
0.773318 0.61053 -0.170976
0.744592 0.646227 -0.167252
0.701679 0.690868 -0.174208
0.652481 0.739774 -0.164326
0.618486 0.765519 -0.17736
0.532797 0.830382 -0.163072
0.527827 0.832866 -0.166531
0.466213 0.86986 -0.161208
0.383786 0.908851 -0.163395
0.32537 0.931623 -0.161907
0.24639 0.952963 -0.176505
0.222671 0.961033 -0.163806
0.133602 0.976347 -0.169994
0.0843852 0.983059 -0.162707
0.0240834 0.986275 -0.163344
-0.0443425 0.98499 -0.166817
-0.105364 0.980657 -0.164956
-0.182365 0.969819 -0.161845
-0.203676 0.96561 -0.161598
-0.301496 0.938353 -0.169096
-0.340122 0.924913 -0.169861
-0.408909 0.895172 -0.177372
-0.470688 0.865299 -0.172366
-0.515989 0.837516 -0.179783
-0.532306 0.82902 -0.171396
-0.598963 0.782782 -0.168807
-0.658722 0.734925 -0.161154
-0.698647 0.693627 -0.175428
-0.755694 0.632658 -0.169324
-0.784512 0.598064 -0.163891
-0.81622 0.552052 -0.170364
-0.856926 0.48764 -0.166989
-0.877181 0.451002 -0.164777
-0.899164 0.401322 -0.174484
-0.919446 0.352124 -0.175005
-0.942517 0.290391 -0.165333
-0.955553 0.236708 -0.175748
-0.97383 0.160161 -0.161258
-0.979525 0.120489 -0.161285
-0.98622 0.0226809 -0.163875
-0.985888 -0.0392974 -0.162731
-0.984245 -0.0739917 -0.160582
-0.971016 -0.172646 -0.165293
-0.957635 -0.228691 -0.175032
-0.937549 -0.301125 -0.174145
-0.933245 -0.317914 -0.167286
-0.899116 -0.403504 -0.169631
-0.870213 -0.458684 -0.179829
-0.842331 -0.513686 -0.163109
-0.801916 -0.575395 -0.160783
-0.784854 -0.593598 -0.177894
-0.732569 -0.660894 -0.162979
-0.70946 -0.684227 -0.16882
-0.652358 -0.740449 -0.161755
-0.61512 -0.770916 -0.165279
-0.559678 -0.812565 -0.162786
-0.518419 -0.836329 -0.178311
-0.464778 -0.868582 -0.171894
-0.399407 -0.899054 -0.179378
-0.323047 -0.92945 -0.178222
-0.288464 -0.943018 -0.165849
-0.198095 -0.963879 -0.178032
-0.129845 -0.975099 -0.179783
-0.114625 -0.978774 -0.169888
-0.0288665 -0.984643 -0.172175
0.0312137 -0.98646 -0.161005
0.0740928 -0.981456 -0.176786
0.140862 -0.9764 -0.16371
0.201309 -0.964975 -0.168222
0.285032 -0.942275 -0.175712
0.35837 -0.917768 -0.171095
0.390243 -0.906435 -0.161511
0.457382 -0.874415 -0.161866
0.47786 -0.86123 -0.17301
0.557968 -0.814227 -0.160331
0.594093 -0.785181 -0.174768
0.65737 -0.732548 -0.17674
0.711958 -0.68336 -0.161659
0.742266 -0.64801 -0.170661
0.763568 -0.620302 -0.179415
0.799066 -0.578947 -0.162218
0.86162 -0.477194 -0.172905
0.887999 -0.429453 -0.164404
0.908437 -0.384247 -0.164612
0.917851 -0.362324 -0.162081
0.949647 -0.265653 -0.166128
0.958568 -0.221745 -0.178822
0.969615 -0.182793 -0.162582
0.984047 -0.0756044 -0.161043
0.985113 -0.0577113 -0.161933
0.981042 0.0515182 -0.186824
0.979564 0.0726497 -0.187553
0.970169 0.151201 -0.1895
0.966134 0.184809 -0.180088
0.935864 0.302463 -0.18076
0.932113 0.312534 -0.182998
0.891856 0.405738 -0.199922
0.883946 0.430723 -0.181983
0.849936 0.490454 -0.192518
0.802835 0.562731 -0.196953
0.789133 0.585091 -0.186918
0.745396 0.63963 -0.187774
0.69335 0.694904 -0.190719
0.645629 0.740546 -0.186428
0.606209 0.773262 -0.185948
0.544411 0.816282 -0.193136
0.524775 0.830882 -0.185061
0.432591 0.879953 -0.196337
0.371656 0.90874 -0.189901
0.330335 0.923559 -0.194723
0.250665 0.94804 -0.195927
0.196386 0.961216 -0.19364
0.136334 0.971557 -0.193623
0.104432 0.978075 -0.180175
0.00887064 0.983218 -0.182218
-0.028224 0.983126 -0.18074
-0.087996 0.979684 -0.180209
-0.156259 0.968301 -0.194875
-0.187578 0.961907 -0.198871
-0.258893 0.948472 -0.18269
-0.34944 0.917562 -0.189663
-0.402626 0.893784 -0.197592
-0.455888 0.868072 -0.196515
-0.490291 0.850756 -0.189285
-0.536424 0.822201 -0.190354
-0.591794 0.781627 -0.197078
-0.651961 0.736153 -0.181728
-0.706871 0.683493 -0.18213
-0.721052 0.667354 -0.18634
-0.774294 0.606242 -0.181493
-0.796786 0.570402 -0.199433
-0.85848 0.473211 -0.197694
-0.878215 0.438582 -0.190747
-0.900467 0.390951 -0.19057
-0.926384 0.32284 -0.193872
-0.936215 0.292739 -0.194437
-0.959658 0.208096 -0.189086
-0.965871 0.166694 -0.19826
-0.977455 0.10001 -0.185958
-0.981326 0.0113716 -0.192017
-0.981082 -0.0280371 -0.191552
-0.97782 -0.102609 -0.182592
-0.970179 -0.137212 -0.199811
-0.960917 -0.202625 -0.188632
-0.943241 -0.274439 -0.187027
-0.926511 -0.321971 -0.19471
-0.897647 -0.396519 -0.192358
-0.884896 -0.426995 -0.186102
-0.835218 -0.517877 -0.184972
-0.79594 -0.57388 -0.192724
-0.781109 -0.594806 -0.189932
-0.718815 -0.670852 -0.18238
-0.713012 -0.672263 -0.199189
-0.661107 -0.727223 -0.184619
-0.58565 -0.788416 -0.188184
-0.52762 -0.829874 -0.181459
-0.515903 -0.836271 -0.185729
-0.457657 -0.867926 -0.193017
-0.413516 -0.890713 -0.188773
-0.315577 -0.929336 -0.191693
-0.284448 -0.939315 -0.191774
-0.232141 -0.955454 -0.182259
-0.158293 -0.967171 -0.198805
-0.111543 -0.975961 -0.187238
-0.000119037 -0.982732 -0.185033
0.0462081 -0.982097 -0.182622
0.0770771 -0.979308 -0.187122
0.142224 -0.97064 -0.193984
0.240186 -0.952811 -0.185641
0.285134 -0.939171 -0.191458
0.340662 -0.919691 -0.195238
0.363932 -0.911091 -0.19356
0.435677 -0.878287 -0.196968
0.48875 -0.852255 -0.186508
0.572778 -0.797807 -0.188226
0.626832 -0.75771 -0.18154
0.635464 -0.749738 -0.184603
0.680475 -0.70926 -0.184132
0.738918 -0.645813 -0.192161
0.789597 -0.584378 -0.187185
0.811466 -0.552191 -0.191332
0.857668 -0.476948 -0.19216
0.868477 -0.455847 -0.194808
0.889837 -0.417194 -0.184765
0.931016 -0.314766 -0.184746
0.950117 -0.244 -0.194273
0.956821 -0.220723 -0.18914
0.96943 -0.165716 -0.180951
0.975799 -0.100106 -0.194411
0.979965 -0.0535099 -0.191849
0.977758 0.0411538 -0.205659
0.974832 0.0929575 -0.202636
0.965612 0.142904 -0.21719
0.953812 0.21116 -0.21367
0.944602 0.245239 -0.218138
0.921143 0.3299 -0.206545
0.886208 0.412622 -0.210662
0.877764 0.431622 -0.207923
0.838251 0.505343 -0.204849
0.810055 0.549007 -0.205919
0.790819 0.575293 -0.208911
0.716863 0.664969 -0.209579
0.690485 0.692788 -0.208026
0.664648 0.718723 -0.20416
0.583503 0.782307 -0.217989
0.566181 0.798363 -0.205072
0.503802 0.838055 -0.209399
0.452785 0.86558 -0.213909
0.394712 0.893421 -0.214477
0.323187 0.921369 -0.215939
0.294962 0.932498 -0.208434
0.186246 0.961496 -0.202085
0.15321 0.967497 -0.201189
0.104241 0.973286 -0.204567
0.0292652 0.978804 -0.202697
-0.0356012 0.975825 -0.215633
-0.0773468 0.974491 -0.210678
-0.179303 0.961194 -0.209659
-0.224424 0.95031 -0.215742
-0.284294 0.9374 -0.20114
-0.320227 0.923811 -0.209828
-0.413453 0.884196 -0.217378
-0.446998 0.86858 -0.213921
-0.493897 0.844811 -0.205816
-0.52737 0.820962 -0.218867
-0.593811 0.77909 -0.201013
-0.6313 0.748163 -0.204239
-0.681874 0.701747 -0.206397
-0.734833 0.643899 -0.213107
-0.783078 0.584868 -0.211466
-0.805074 0.55792 -0.201449
-0.845333 0.492333 -0.207411
-0.880332 0.424193 -0.212311
-0.894734 0.393702 -0.210831
-0.921753 0.325419 -0.21089
-0.932174 0.300559 -0.201783
-0.958137 0.185392 -0.218183
-0.96449 0.146232 -0.219945
-0.971955 0.104952 -0.210449
-0.979141 0.0328796 -0.200502
-0.97822 -0.00465487 -0.207517
-0.971403 -0.0972338 -0.216616
-0.96992 -0.131868 -0.204613
-0.947179 -0.235974 -0.217184
-0.939199 -0.26855 -0.213976
-0.913408 -0.346545 -0.213523
-0.906821 -0.362117 -0.21575
-0.874293 -0.438786 -0.207553
-0.826664 -0.518749 -0.218004
-0.809438 -0.54599 -0.216113
-0.757375 -0.61817 -0.210355
-0.73641 -0.643244 -0.209612
-0.691208 -0.689288 -0.217058
-0.653601 -0.729759 -0.200641
-0.619767 -0.75467 -0.215319
-0.566745 -0.794851 -0.216821
-0.489348 -0.848215 -0.202658
-0.450861 -0.866415 -0.214591
-0.382729 -0.898147 -0.21645
-0.33031 -0.921344 -0.20499
-0.248075 -0.947781 -0.200426
-0.194904 -0.958977 -0.205852
-0.142303 -0.965191 -0.219447
-0.0692895 -0.976466 -0.204236
-0.0602954 -0.975454 -0.211789
0.00659006 -0.978457 -0.206344
0.110002 -0.969674 -0.218246
0.168988 -0.962838 -0.210681
0.217453 -0.95419 -0.205513
0.246 -0.947814 -0.20281
0.358667 -0.908964 -0.212465
0.403234 -0.892145 -0.203667
0.466 -0.858746 -0.213069
0.497232 -0.843681 -0.202393
0.54288 -0.813122 -0.210034
0.599011 -0.769941 -0.219945
0.637396 -0.742518 -0.205896
0.681649 -0.701895 -0.206635
0.733631 -0.643222 -0.219203
0.775605 -0.597756 -0.202793
0.806929 -0.55159 -0.211221
0.84013 -0.498753 -0.213137
0.863272 -0.461192 -0.205094
0.899047 -0.387018 -0.20477
0.916307 -0.337782 -0.21514
0.936505 -0.279736 -0.211439
0.958036 -0.198065 -0.207211
0.962051 -0.182645 -0.202729
0.971114 -0.106836 -0.213365
0.976415 -0.0509688 -0.209799
0.972139 0.0297683 -0.232505
0.965204 0.117011 -0.233859
0.96401 0.123305 -0.235542
0.9479 0.226769 -0.223744
0.937135 0.261241 -0.231366
0.924031 0.30856 -0.225738
0.880798 0.410674 -0.235674
0.879126 0.41628 -0.232053
0.828297 0.514132 -0.222692
0.790939 0.566463 -0.231375
0.783289 0.579743 -0.224404
0.727523 0.647987 -0.225438
0.690746 0.682835 -0.237921
0.640331 0.732257 -0.231895
0.615841 0.75254 -0.233289
0.556961 0.796691 -0.234686
0.499044 0.8351 -0.231437
0.450654 0.864088 -0.224195
0.392368 0.890836 -0.229039
0.357807 0.90709 -0.221725
0.278646 0.931331 -0.234475
0.212202 0.951443 -0.222992
0.137106 0.964351 -0.226337
0.0945183 0.968371 -0.230918
0.0540831 0.971242 -0.231869
-0.0497689 0.972654 -0.226862
-0.0986996 0.969322 -0.225108
-0.131222 0.964805 -0.227888
-0.241926 0.944916 -0.220467
-0.28222 0.930295 -0.234315
-0.327444 0.918547 -0.221476
-0.393725 0.887467 -0.239549
-0.423902 0.874002 -0.237546
-0.485184 0.840861 -0.239893
-0.525415 0.818695 -0.231683
-0.587578 0.776677 -0.226991
-0.643687 0.730198 -0.22908
-0.698674 0.675287 -0.236308
-0.72523 0.650694 -0.225029
-0.782757 0.580444 -0.224447
-0.807243 0.543764 -0.22952
-0.844124 0.482789 -0.233171
-0.855676 0.46671 -0.223609
-0.884126 0.402293 -0.237657
-0.919679 0.324684 -0.220842
-0.925929 0.293414 -0.237831
-0.956469 0.190627 -0.220973
-0.963698 0.126303 -0.235232
-0.972269 0.0761341 -0.221125
-0.974086 0.0220131 -0.225104
-0.970871 -0.0369061 -0.236743
-0.967834 -0.0786902 -0.238966
-0.960365 -0.168464 -0.222077
-0.953628 -0.204075 -0.221241
-0.93982 -0.25929 -0.222501
-0.914857 -0.335945 -0.224004
-0.882685 -0.405831 -0.236997
-0.88049 -0.416374 -0.226649
-0.84467 -0.479351 -0.238234
-0.789991 -0.570467 -0.224681
-0.781579 -0.577328 -0.236277
-0.71662 -0.661392 -0.221395
-0.67202 -0.700601 -0.239892
-0.662982 -0.710541 -0.235768
-0.618015 -0.751231 -0.231752
-0.550297 -0.80156 -0.233825
-0.487676 -0.841368 -0.232966
-0.427574 -0.873084 -0.234319
-0.371015 -0.900185 -0.228066
-0.328639 -0.917958 -0.222149
-0.283377 -0.933138 -0.221248
-0.18796 -0.956622 -0.222588
-0.154792 -0.962374 -0.223327
-0.116978 -0.963985 -0.23885
-0.0502877 -0.971046 -0.233542
0.0300816 -0.974892 -0.220638
0.0673726 -0.971785 -0.226042
0.140052 -0.963756 -0.227068
0.190459 -0.952243 -0.23866
0.272921 -0.934883 -0.226952
0.303448 -0.926215 -0.223708
0.404246 -0.882898 -0.238907
0.450191 -0.861843 -0.233569
0.473014 -0.850038 -0.231717
0.556911 -0.79844 -0.228786
0.596236 -0.768495 -0.232202
0.656045 -0.72194 -0.220018
0.673894 -0.702678 -0.228278
0.7252 -0.651074 -0.224027
0.783892 -0.578731 -0.224907
0.797045 -0.558136 -0.230658
0.848442 -0.477955 -0.227387
0.873729 -0.42989 -0.227578
0.890082 -0.397729 -0.222635
0.91358 -0.330248 -0.237292
0.92498 -0.297335 -0.236649
0.95323 -0.195667 -0.230365
0.956316 -0.170208 -0.237674
0.96898 -0.0934688 -0.228783
0.974199 -0.0074413 -0.225568
0.968451 0.0541217 -0.243255
0.966273 0.0707753 -0.247602
0.952709 0.168991 -0.25256
0.941196 0.23093 -0.246618
0.930201 0.275089 -0.243008
0.906152 0.338073 -0.254155
0.896795 0.360103 -0.25707
0.869897 0.424966 -0.250366
0.827383 0.499902 -0.255998
0.794961 0.552352 -0.250885
0.771135 0.588644 -0.242588
0.719489 0.646276 -0.25429
0.681652 0.690114 -0.243091
0.634841 0.728688 -0.256886
0.612796 0.752482 -0.241354
0.557801 0.791604 -0.249443
0.475523 0.846268 -0.240225
0.432252 0.867013 -0.247883
0.371641 0.893259 -0.252925
0.310996 0.917112 -0.249372
0.289286 0.925086 -0.246026
0.231682 0.940225 -0.249599
0.121616 0.961847 -0.24507
0.118201 0.961588 -0.247745
0.00416334 0.967466 -0.252967
-0.0472412 0.965956 -0.254358
-0.0871123 0.965305 -0.246165
-0.149291 0.957056 -0.248508
-0.198007 0.95021 -0.240611
-0.247151 0.938495 -0.24113
-0.329807 0.910933 -0.247849
-0.379495 0.891731 -0.246575
-0.451897 0.857015 -0.247617
-0.469021 0.84971 -0.240858
-0.544965 0.800645 -0.248958
-0.604292 0.754355 -0.256476
-0.630672 0.73339 -0.253757
-0.701831 0.663948 -0.258081
-0.718585 0.650461 -0.246041
-0.779443 0.57002 -0.259894
-0.809196 0.534268 -0.244456
-0.833345 0.490646 -0.254562
-0.85453 0.459105 -0.2429
-0.878221 0.401487 -0.259877
-0.901744 0.353729 -0.248464
-0.936092 0.25194 -0.245477
-0.945869 0.205036 -0.25158
-0.961722 0.123959 -0.244387
-0.96337 0.105607 -0.246508
-0.965581 0.0137534 -0.25974
-0.965561 -0.0492321 -0.255475
-0.96405 -0.0887848 -0.250451
-0.958948 -0.147354 -0.242291
-0.946509 -0.206369 -0.248059
-0.930425 -0.26384 -0.254359
-0.902209 -0.353331 -0.24734
-0.899942 -0.362548 -0.242206
-0.8695 -0.426323 -0.249436
-0.835577 -0.491731 -0.244972
-0.795187 -0.553052 -0.248617
-0.757304 -0.603183 -0.250321
-0.742397 -0.621669 -0.24975
-0.676388 -0.694199 -0.246145
-0.635714 -0.733308 -0.241098
-0.613648 -0.74576 -0.259381
-0.53222 -0.809431 -0.24812
-0.469363 -0.844761 -0.257054
-0.414705 -0.876607 -0.244089
-0.378821 -0.891871 -0.247103
-0.352514 -0.902436 -0.247677
-0.256104 -0.936356 -0.240102
-0.23458 -0.941934 -0.240277
-0.152042 -0.954398 -0.256919
-0.115723 -0.961974 -0.247414
-0.0120415 -0.965795 -0.259027
0.0283917 -0.966438 -0.255328
0.0762007 -0.96521 -0.250125
0.170218 -0.952838 -0.251249
0.217632 -0.940981 -0.259214
0.295222 -0.922432 -0.248924
0.34776 -0.902752 -0.253185
0.384845 -0.8875 -0.253452
0.45919 -0.850768 -0.255614
0.473734 -0.844562 -0.249583
0.562405 -0.788262 -0.249689
0.593851 -0.766627 -0.244179
0.627183 -0.736884 -0.252278
0.682539 -0.685993 -0.252099
0.744266 -0.617629 -0.254169
0.770762 -0.585561 -0.251088
0.79345 -0.552389 -0.255545
0.828246 -0.505154 -0.242545
0.867546 -0.429087 -0.251494
0.891344 -0.383368 -0.241941
0.912822 -0.325839 -0.246142
0.937489 -0.242821 -0.249303
0.940397 -0.232798 -0.247908
0.953155 -0.170918 -0.249565
0.968618 -0.0635432 -0.240295
0.968729 -0.0304928 -0.246238
0.960526 0.0314463 -0.276409
0.95617 0.0864047 -0.279775
0.948741 0.155997 -0.274873
0.938106 0.206731 -0.277883
0.925117 0.265532 -0.271388
0.91106 0.318118 -0.26224
0.888404 0.367286 -0.275387
0.8615 0.428376 -0.272603
0.819605 0.50064 -0.27858
0.803421 0.526744 -0.277589
0.767551 0.583458 -0.265408
0.716806 0.645343 -0.264048
0.673142 0.6886 -0.269646
0.635599 0.720677 -0.276837
0.606064 0.747187 -0.272761
0.541681 0.792606 -0.279925
0.464182 0.842459 -0.273493
0.440502 0.853671 -0.277856
0.366235 0.890011 -0.271574
0.345351 0.896536 -0.277409
0.240851 0.933766 -0.26471
0.239175 0.932713 -0.269894
0.173275 0.94871 -0.264433
0.111729 0.957204 -0.266979
0.0465668 0.959729 -0.27704
-0.00741068 0.963464 -0.267735
-0.0959399 0.957656 -0.271459
-0.123783 0.953222 -0.275764
-0.218001 0.93917 -0.265396
-0.292145 0.917162 -0.271046
-0.328369 0.903425 -0.275676
-0.380382 0.885351 -0.267327
-0.424016 0.864262 -0.27067
-0.468752 0.838598 -0.277534
-0.554945 0.789909 -0.260923
-0.580454 0.769896 -0.265205
-0.647364 0.710999 -0.274591
-0.700733 0.662087 -0.265731
-0.726013 0.629163 -0.277596
-0.771079 0.580322 -0.262037
-0.794263 0.540614 -0.277277
-0.825092 0.492389 -0.277085
-0.863876 0.430474 -0.261554
-0.880006 0.390864 -0.269841
-0.897407 0.352418 -0.265449
-0.918074 0.294718 -0.265108
-0.94074 0.202737 -0.271858
-0.947128 0.172889 -0.270293
-0.955788 0.0969359 -0.277619
-0.964301 0.00441823 -0.264772
-0.964385 -0.0302396 -0.26277
-0.957839 -0.112942 -0.264175
-0.9524 -0.150558 -0.265077
-0.942479 -0.188003 -0.276385
-0.919142 -0.293616 -0.262616
-0.89343 -0.353388 -0.277309
-0.878768 -0.394765 -0.268193
-0.858603 -0.436622 -0.26863
-0.81609 -0.512425 -0.267242
-0.790195 -0.546837 -0.276698
-0.773594 -0.568781 -0.279359
-0.719007 -0.638791 -0.273815
-0.692466 -0.667295 -0.274241
-0.631826 -0.725161 -0.273745
-0.569255 -0.775886 -0.271935
-0.529316 -0.804182 -0.270401
-0.47838 -0.8361 -0.268495
-0.427217 -0.862245 -0.272066
-0.387311 -0.883198 -0.264482
-0.333787 -0.901263 -0.276245
-0.258524 -0.92841 -0.266871
-0.195235 -0.943715 -0.266992
-0.133886 -0.954085 -0.267947
-0.0750871 -0.961372 -0.264812
-0.0558326 -0.960081 -0.274093
0.0407025 -0.962592 -0.26788
0.0657006 -0.96247 -0.263315
0.173421 -0.948618 -0.264668
0.235085 -0.934924 -0.265803
0.291076 -0.917982 -0.269415
0.353211 -0.893617 -0.27693
0.369394 -0.888438 -0.272443
0.421721 -0.864211 -0.274392
0.511679 -0.812616 -0.278997
0.553767 -0.786661 -0.272959
0.614069 -0.743087 -0.265972
0.643674 -0.716542 -0.268796
0.694113 -0.665312 -0.274895
0.741636 -0.614685 -0.268586
0.746613 -0.607142 -0.271932
0.814707 -0.517705 -0.261217
0.818751 -0.503388 -0.27613
0.846976 -0.462867 -0.261507
0.882403 -0.390737 -0.262088
0.904988 -0.320995 -0.279211
0.930966 -0.2511 -0.265048
0.94399 -0.187797 -0.27132
0.951182 -0.163818 -0.261566
0.95767 -0.119261 -0.262001
0.964241 -0.0152695 -0.264585
0.954723 0.0316779 -0.295805
0.95271 0.0737766 -0.29479
0.947307 0.149079 -0.283522
0.93509 0.215527 -0.281343
0.916407 0.276497 -0.289392
0.89845 0.325405 -0.294786
0.876356 0.382231 -0.293087
0.844968 0.446006 -0.295141
0.812035 0.505473 -0.291714
0.791966 0.541591 -0.281903
0.762088 0.579531 -0.288733
0.737982 0.610717 -0.287066
0.680804 0.67498 -0.284443
0.641727 0.711706 -0.285764
0.585887 0.757036 -0.289196
0.551768 0.785089 -0.281403
0.472379 0.835433 -0.280907
0.449395 0.845089 -0.289601
0.377963 0.880578 -0.285879
0.308578 0.903795 -0.296536
0.263658 0.921794 -0.284219
0.187521 0.939739 -0.28588
0.176738 0.942924 -0.282239
0.0781781 0.953249 -0.291899
0.0185829 0.954307 -0.298251
-0.0210299 0.958333 -0.284878
-0.0961592 0.954951 -0.280754
-0.135558 0.94828 -0.287037
-0.217614 0.934837 -0.280577
-0.266207 0.918738 -0.29164
-0.333489 0.899228 -0.28315
-0.363064 0.883908 -0.294773
-0.419445 0.86047 -0.289237
-0.500582 0.816206 -0.288486
-0.524593 0.798492 -0.295319
-0.608886 0.738196 -0.290388
-0.64559 0.703842 -0.296345
-0.693196 0.656782 -0.296844
-0.713699 0.634234 -0.297289
-0.765675 0.572856 -0.292537
-0.805724 0.520554 -0.282546
-0.815215 0.505574 -0.282524
-0.852289 0.435746 -0.28936
-0.878657 0.380436 -0.288496
-0.892094 0.352762 -0.282361
-0.912305 0.279058 -0.29971
-0.935877 0.195396 -0.29318
-0.941539 0.172207 -0.289569
-0.952031 0.0657395 -0.298858
-0.954551 0.0174659 -0.297534
-0.9588 -0.0238661 -0.283078
-0.948571 -0.118085 -0.293714
-0.9467 -0.151646 -0.284189
-0.936815 -0.183221 -0.298007
-0.915817 -0.267765 -0.299302
-0.906409 -0.300339 -0.297019
-0.867086 -0.4065 -0.287958
-0.843786 -0.45466 -0.285148
-0.818354 -0.496705 -0.289104
-0.789737 -0.542034 -0.287255
-0.76084 -0.578633 -0.293781
-0.722266 -0.62461 -0.296976
-0.685848 -0.671118 -0.281448
-0.654588 -0.698409 -0.289379
-0.59488 -0.751745 -0.2846
-0.542912 -0.786465 -0.294482
-0.491066 -0.819712 -0.294835
-0.41051 -0.86548 -0.2871
-0.392429 -0.869911 -0.298755
-0.302177 -0.911047 -0.280502
-0.244771 -0.923406 -0.29565
-0.226754 -0.926628 -0.299905
-0.164012 -0.940666 -0.297064
-0.101815 -0.954313 -0.280926
-0.0354264 -0.95369 -0.298697
0.0374129 -0.953947 -0.297632
0.103678 -0.94981 -0.295146
0.168746 -0.939075 -0.299438
0.205862 -0.937323 -0.281153
0.254152 -0.920466 -0.2969
0.327487 -0.897383 -0.29573
0.381221 -0.876681 -0.29343
0.407661 -0.862592 -0.299579
0.508631 -0.810823 -0.289588
0.538892 -0.792469 -0.285637
0.564492 -0.77039 -0.296391
0.647455 -0.705748 -0.287612
0.666373 -0.689044 -0.284895
0.711417 -0.643994 -0.281349
0.737292 -0.609762 -0.290844
0.787947 -0.54102 -0.294002
0.821786 -0.488976 -0.292523
0.857227 -0.430145 -0.283085
0.872457 -0.396447 -0.285743
0.895276 -0.345895 -0.280779
0.924297 -0.248155 -0.289991
0.92827 -0.227735 -0.294025
0.947751 -0.139128 -0.287074
0.956263 -0.0702375 -0.283951
0.955925 -0.0312823 -0.291938
0.951463 0.024903 -0.306753
0.944918 0.102413 -0.310874
0.937891 0.166021 -0.304626
0.927456 0.195031 -0.319041
0.915676 0.265671 -0.301589
0.889939 0.33817 -0.306021
0.859585 0.399698 -0.318362
0.859938 0.40944 -0.304739
0.817463 0.485119 -0.310506
0.785324 0.538352 -0.305685
0.739923 0.595372 -0.313125
0.719301 0.622792 -0.307794
0.659816 0.68031 -0.319096
0.64617 0.701435 -0.300754
0.576036 0.755733 -0.311529
0.513288 0.799247 -0.312634
0.502072 0.810747 -0.301021
0.442765 0.840364 -0.312648
0.371742 0.871706 -0.319275
0.347394 0.884426 -0.311622
0.243944 0.921707 -0.301574
0.177938 0.931769 -0.316455
0.174269 0.932554 -0.316187
0.0995909 0.948288 -0.301383
0.0385941 0.949404 -0.311677
-0.014301 0.94799 -0.317977
-0.0770789 0.94995 -0.302743
-0.124522 0.941903 -0.311951
-0.215954 0.928967 -0.300639
-0.271931 0.912742 -0.304885
-0.343626 0.888062 -0.305397
-0.367685 0.8766 -0.31045
-0.414408 0.858865 -0.301026
-0.458483 0.832111 -0.312066
-0.517837 0.795459 -0.314787
-0.599391 0.74164 -0.301166
-0.647516 0.699945 -0.30133
-0.686457 0.654777 -0.316298
-0.725884 0.609467 -0.318816
-0.753608 0.582693 -0.30421
-0.774363 0.554518 -0.304748
-0.813006 0.489501 -0.315294
-0.843934 0.439246 -0.307958
-0.87107 0.381513 -0.30933
-0.895594 0.309101 -0.319951
-0.911844 0.279429 -0.300765
-0.928071 0.203731 -0.311734
-0.939714 0.140496 -0.311767
-0.943198 0.107634 -0.314313
-0.949176 0.0325148 -0.313061
-0.950591 -0.0425136 -0.30752
-0.948296 -0.0861862 -0.305462
-0.941968 -0.124291 -0.311847
-0.928554 -0.209588 -0.306368
-0.909499 -0.266024 -0.31944
-0.902949 -0.306577 -0.301156
-0.86389 -0.394807 -0.312765
-0.858834 -0.406523 -0.311679
-0.83346 -0.461642 -0.303695
-0.797032 -0.518711 -0.30932
-0.749715 -0.58186 -0.315223
-0.719385 -0.6221 -0.308994
-0.693532 -0.654394 -0.301301
-0.61397 -0.72168 -0.319716
-0.577196 -0.757673 -0.304593
-0.530113 -0.791284 -0.304714
-0.484006 -0.819443 -0.307003
-0.409152 -0.861403 -0.300963
-0.38463 -0.868767 -0.311935
-0.318237 -0.896062 -0.309514
-0.262603 -0.911029 -0.317908
-0.205039 -0.926488 -0.315563
-0.157015 -0.938629 -0.307119
-0.0870098 -0.946288 -0.311396
-0.0575957 -0.94956 -0.30825
0.0103553 -0.949214 -0.31446
0.0699685 -0.947896 -0.310802
0.154904 -0.937891 -0.310429
0.208227 -0.929567 -0.304214
0.262025 -0.914688 -0.307716
0.32966 -0.894183 -0.302921
0.378533 -0.875306 -0.300919
0.410908 -0.85999 -0.302606
0.495799 -0.811691 -0.308775
0.554835 -0.772364 -0.309213
0.576695 -0.757521 -0.305917
0.609638 -0.729991 -0.308958
0.683126 -0.65753 -0.317794
0.711868 -0.630822 -0.308721
0.764618 -0.566725 -0.306891
0.77155 -0.555579 -0.309907
0.806455 -0.509278 -0.300443
0.849789 -0.430063 -0.304804
0.870529 -0.379907 -0.312811
0.887232 -0.349582 -0.301016
0.9053 -0.281817 -0.317823
0.932234 -0.181653 -0.312957
0.940232 -0.132116 -0.313862
0.94718 -0.111692 -0.300624
0.950218 -0.0303494 -0.310106
0.945905 0.0476528 -0.320926
0.937374 0.0882623 -0.336958
0.927434 0.161118 -0.337502
0.924998 0.195265 -0.32596
0.906111 0.272073 -0.323942
0.886446 0.331301 -0.323193
0.872297 0.356943 -0.334201
0.827225 0.451409 -0.334557
0.815097 0.472993 -0.334507
0.771988 0.544459 -0.328022
0.753964 0.56923 -0.327895
0.723153 0.601512 -0.339461
0.661803 0.675766 -0.324588
0.633321 0.696942 -0.336416
0.585381 0.737876 -0.33596
0.512615 0.790549 -0.335049
0.47669 0.81776 -0.322544
0.455189 0.828266 -0.32677
0.367895 0.870564 -0.326758
0.318245 0.890095 -0.326268
0.265329 0.907523 -0.325581
0.177875 0.928993 -0.324548
0.120805 0.935122 -0.333096
0.095596 0.935994 -0.338787
0.0391604 0.944395 -0.326473
-0.042701 0.945392 -0.323125
-0.066858 0.940676 -0.332654
-0.168513 0.926947 -0.33522
-0.210188 0.918143 -0.335908
-0.26942 0.907434 -0.322453
-0.339561 0.877695 -0.338157
-0.349595 0.877328 -0.328754
-0.44317 0.833681 -0.329509
-0.498102 0.805615 -0.320746
-0.523587 0.786197 -0.328254
-0.588173 0.739693 -0.326967
-0.626107 0.703402 -0.336475
-0.665696 0.667495 -0.333616
-0.712619 0.61876 -0.33062
-0.756559 0.560298 -0.337173
-0.761568 0.552223 -0.339211
-0.814884 0.475498 -0.331461
-0.838756 0.438445 -0.322884
-0.876656 0.350947 -0.329107
-0.886951 0.314419 -0.338316
-0.911443 0.244815 -0.330661
-0.927255 0.17865 -0.329063
-0.93348 0.122185 -0.337174
-0.939974 0.0653064 -0.334939
-0.940963 0.0497302 -0.334838
-0.945721 -0.00536154 -0.324935
-0.939366 -0.0632765 -0.337027
-0.930906 -0.149372 -0.33332
-0.924664 -0.18828 -0.33098
-0.910323 -0.258753 -0.323047
-0.898616 -0.299043 -0.321033
-0.863873 -0.381896 -0.32845
-0.837999 -0.431415 -0.334124
-0.81972 -0.46154 -0.339175
-0.768011 -0.548795 -0.330126
-0.76096 -0.555747 -0.334791
-0.718948 -0.609575 -0.333964
-0.667479 -0.672267 -0.320201
-0.614447 -0.720067 -0.322425
-0.5616 -0.759162 -0.329058
-0.519132 -0.784877 -0.338333
-0.465183 -0.817703 -0.339067
-0.421387 -0.842579 -0.335402
-0.38529 -0.863292 -0.326005
-0.321644 -0.885116 -0.336327
-0.241922 -0.910802 -0.334534
-0.226067 -0.916039 -0.33131
-0.161039 -0.930195 -0.329855
-0.0915534 -0.938003 -0.334318
-0.0461381 -0.943319 -0.328664
0.0102599 -0.945135 -0.32652
0.0608112 -0.943678 -0.32523
0.134408 -0.935309 -0.327309
0.205029 -0.920864 -0.331621
0.237522 -0.916961 -0.320572
0.344862 -0.879854 -0.326997
0.363524 -0.869393 -0.334671
0.42807 -0.839656 -0.334266
0.454022 -0.824205 -0.338451
0.540945 -0.770828 -0.336455
0.581031 -0.744278 -0.329322
0.602679 -0.725577 -0.332139
0.649533 -0.683059 -0.333972
0.705747 -0.628969 -0.326065
0.754119 -0.567211 -0.331023
0.792295 -0.511426 -0.332734
0.821758 -0.458634 -0.338185
0.832426 -0.439095 -0.338027
0.868022 -0.376766 -0.323396
0.880232 -0.335879 -0.335228
0.899686 -0.285391 -0.330327
0.920292 -0.220946 -0.322872
0.936027 -0.126808 -0.328288
0.937054 -0.0982712 -0.335072
0.941025 -0.0250554 -0.337408
0.939665 0.0198696 -0.341518
0.934265 0.0991548 -0.342515
0.923004 0.165538 -0.347361
0.909863 0.213688 -0.35565
0.9041 0.25245 -0.344778
0.874278 0.338269 -0.348156
0.8659 0.362949 -0.344217
0.842902 0.403922 -0.355476
0.792117 0.498761 -0.351835
0.779004 0.518965 -0.351893
0.756117 0.557449 -0.342839
0.711152 0.610133 -0.349287
0.647147 0.678705 -0.347219
0.638111 0.689397 -0.342849
0.597864 0.723882 -0.344315
0.535807 0.766631 -0.353818
0.46126 0.816603 -0.346987
0.412244 0.837151 -0.359489
0.357695 0.864623 -0.352821
0.296447 0.889478 -0.347775
0.245328 0.907181 -0.341813
0.215288 0.909697 -0.35511
0.145278 0.928302 -0.342272
0.0761701 0.934293 -0.348274
0.0583424 0.935134 -0.349457
-0.0363006 0.939301 -0.341169
-0.089758 0.935262 -0.342387
-0.144923 0.922404 -0.358006
-0.17814 0.920403 -0.34803
-0.267761 0.896924 -0.351897
-0.306486 0.888656 -0.341112
-0.365674 0.859065 -0.358177
-0.446647 0.826747 -0.342048
-0.490576 0.80129 -0.342447
-0.526478 0.77353 -0.352806
-0.584242 0.731046 -0.352467
-0.615053 0.708441 -0.346152
-0.661515 0.668099 -0.340649
-0.698255 0.619806 -0.358162
-0.738028 0.581367 -0.34253
-0.764471 0.54196 -0.349089
-0.805253 0.471199 -0.359915
-0.843564 0.403701 -0.354154
-0.853295 0.3944 -0.341082
-0.88116 0.307955 -0.358776
-0.905587 0.232855 -0.354529
-0.912673 0.195873 -0.358693
-0.9213 0.173525 -0.347987
-0.932573 0.0868731 -0.350373
-0.93333 0.0493676 -0.35561
-0.939886 -0.0238531 -0.340655
-0.93049 -0.0785487 -0.357798
-0.918907 -0.170648 -0.355653
-0.909756 -0.214837 -0.355231
-0.893848 -0.283495 -0.347369
-0.877697 -0.336259 -0.341435
-0.872418 -0.349701 -0.341461
-0.827698 -0.440293 -0.347935
-0.804738 -0.47257 -0.359271
-0.758813 -0.544227 -0.3578
-0.738276 -0.581367 -0.341995
-0.718177 -0.596745 -0.357935
-0.672132 -0.655125 -0.345036
-0.609503 -0.715495 -0.341429
-0.556207 -0.750763 -0.356355
-0.507574 -0.783443 -0.358588
-0.461465 -0.81728 -0.345115
-0.450397 -0.823974 -0.343817
-0.346769 -0.868243 -0.354832
-0.338184 -0.871723 -0.354584
-0.243618 -0.901852 -0.356809
-0.179895 -0.91597 -0.35866
-0.155963 -0.920849 -0.357369
-0.0685784 -0.932771 -0.353885
-0.0244132 -0.934315 -0.355611
0.0516883 -0.933556 -0.354686
0.0960592 -0.934038 -0.344014
0.143294 -0.922547 -0.358294
0.231366 -0.904387 -0.358543
0.275758 -0.897389 -0.344458
0.29717 -0.88567 -0.356761
0.349699 -0.868258 -0.351908
0.438535 -0.823709 -0.359431
0.489014 -0.80216 -0.342644
0.542943 -0.76115 -0.354773
0.576306 -0.735394 -0.356465
0.629896 -0.691699 -0.353247
0.663702 -0.661138 -0.349852
0.692592 -0.635251 -0.341721
0.754025 -0.557548 -0.347255
0.75953 -0.544783 -0.355422
0.81845 -0.451839 -0.354938
0.837386 -0.416016 -0.354563
0.863816 -0.363842 -0.348485
0.883219 -0.308786 -0.352954
0.900034 -0.26236 -0.348004
0.917889 -0.175362 -0.355988
0.926988 -0.130684 -0.35159
0.931564 -0.0755729 -0.355636
0.936443 -0.0282258 -0.349683
0.928275 0.0179301 -0.371462
0.929375 0.0722873 -0.361991
0.92012 0.151198 -0.361273
0.908802 0.182237 -0.375324
0.895776 0.237751 -0.37558
0.87668 0.318744 -0.360325
0.848377 0.383902 -0.364522
0.815248 0.445138 -0.370437
0.786596 0.495458 -0.368495
0.781398 0.500891 -0.37219
0.750667 0.546091 -0.371864
0.700657 0.609359 -0.371163
0.674516 0.644478 -0.360105
0.603428 0.709865 -0.363271
0.56087 0.737093 -0.376986
0.526798 0.767084 -0.36615
0.475689 0.793727 -0.379101
0.446 0.813535 -0.373156
0.371407 0.847154 -0.379983
0.300216 0.881949 -0.363368
0.27669 0.886429 -0.37106
0.187006 0.911405 -0.366565
0.124628 0.916984 -0.378956
0.0946427 0.922317 -0.374666
0.038251 0.925861 -0.375923
-0.0227361 0.929191 -0.368899
-0.0585876 0.928354 -0.367051
-0.136795 0.916615 -0.375639
-0.228653 0.903373 -0.362814
-0.287394 0.886403 -0.362898
-0.311832 0.874344 -0.371864
-0.371826 0.852138 -0.368247
-0.398021 0.836247 -0.377188
-0.490528 0.788346 -0.37134
-0.533526 0.760615 -0.369884
-0.547653 0.749096 -0.372735
-0.632159 0.676157 -0.378401
-0.670032 0.639754 -0.376526
-0.697267 0.610095 -0.376301
-0.73967 0.565512 -0.364808
-0.771707 0.511417 -0.37805
-0.795623 0.487213 -0.360011
-0.833773 0.40635 -0.373769
-0.859235 0.350913 -0.372257
-0.877358 0.299911 -0.374561
-0.886719 0.268451 -0.376382
-0.905334 0.218465 -0.364202
-0.910401 0.169549 -0.377391
-0.926115 0.091272 -0.366033
-0.9255 0.011871 -0.378562
-0.931032 -0.0330573 -0.363438
-0.92409 -0.0634998 -0.376862
-0.91576 -0.155051 -0.370597
-0.904956 -0.193042 -0.379196
-0.898934 -0.242898 -0.364581
-0.877664 -0.29321 -0.379122
-0.83887 -0.391958 -0.37771
-0.826606 -0.426025 -0.367731
-0.782806 -0.496741 -0.374784
-0.770094 -0.521043 -0.368061
-0.742253 -0.555274 -0.375142
-0.67685 -0.632985 -0.37577
-0.650627 -0.663679 -0.369074
-0.605481 -0.70941 -0.360735
-0.549609 -0.75297 -0.361891
-0.533177 -0.760305 -0.371024
-0.478094 -0.796295 -0.370594
-0.445052 -0.816772 -0.367168
-0.380077 -0.851483 -0.361274
-0.32632 -0.870646 -0.368089
-0.266955 -0.889699 -0.370367
-0.20827 -0.906003 -0.368485
-0.127586 -0.92169 -0.366346
-0.112695 -0.918279 -0.379556
-0.036035 -0.925836 -0.376203
0.0330991 -0.928252 -0.370475
0.0764475 -0.925055 -0.372061
0.119687 -0.921013 -0.370689
0.205871 -0.902035 -0.379407
0.234074 -0.896466 -0.376241
0.307083 -0.876508 -0.370721
0.346064 -0.863611 -0.366627
0.43065 -0.820854 -0.375152
0.490514 -0.792455 -0.362507
0.525807 -0.770592 -0.360159
0.572487 -0.735535 -0.362281
0.613968 -0.69304 -0.377808
0.642339 -0.666379 -0.378603
0.713311 -0.597086 -0.366982
0.72317 -0.586168 -0.365284
0.779105 -0.509121 -0.365776
0.809469 -0.452201 -0.374531
0.824127 -0.435623 -0.362005
0.839074 -0.390302 -0.378971
0.876614 -0.299479 -0.376644
0.892718 -0.267389 -0.36271
0.909121 -0.205202 -0.362478
0.921333 -0.123367 -0.368682
0.927924 -0.0842192 -0.363132
0.926129 -0.0486605 -0.374056
0.923034 0.0474155 -0.381785
0.912088 0.114039 -0.393816
0.909562 0.151155 -0.387103
0.89854 0.21299 -0.383747
0.884796 0.254136 -0.390578
0.857072 0.328031 -0.39727
0.845004 0.371356 -0.384789
0.823021 0.408963 -0.39419
0.785319 0.475024 -0.397021
0.756199 0.526744 -0.388206
0.726502 0.566887 -0.388373
0.691887 0.613276 -0.381032
0.654579 0.653402 -0.380253
0.623602 0.678382 -0.388481
0.583675 0.717104 -0.380902
0.535747 0.750638 -0.386676
0.490159 0.775012 -0.398874
0.42988 0.817964 -0.38228
0.375713 0.839322 -0.392911
0.331056 0.863687 -0.380062
0.235909 0.88785 -0.395057
0.172184 0.900266 -0.399842
0.13257 0.911592 -0.389134
0.0978735 0.917022 -0.386641
0.0149252 0.921878 -0.387192
-0.0448033 0.915498 -0.399821
-0.0603957 0.920619 -0.385763
-0.132869 0.912704 -0.386416
-0.214616 0.895209 -0.390566
-0.261046 0.883302 -0.3894
-0.327258 0.857291 -0.397435
-0.381641 0.836057 -0.394155
-0.433217 0.809356 -0.396567
-0.469072 0.796133 -0.382286
-0.50083 0.776461 -0.382463
-0.580608 0.713072 -0.392967
-0.612237 0.682217 -0.399681
-0.646463 0.651295 -0.397367
-0.680111 0.622739 -0.38684
-0.732985 0.553834 -0.39497
-0.766116 0.503966 -0.398855
-0.784691 0.482156 -0.389597
-0.826035 0.401413 -0.395643
-0.840421 0.37563 -0.390633
-0.855828 0.338743 -0.390911
-0.879752 0.260556 -0.397677
-0.897228 0.195139 -0.396109
-0.912878 0.136729 -0.384655
-0.916581 0.0955367 -0.388268
-0.923707 0.026906 -0.382154
-0.920076 -0.0437403 -0.38929
-0.917739 -0.0837594 -0.388251
-0.91224 -0.131639 -0.387929
-0.892283 -0.213534 -0.397786
-0.882147 -0.26459 -0.389626
-0.868333 -0.307946 -0.388801
-0.836079 -0.388304 -0.387546
-0.828021 -0.399818 -0.393099
-0.800022 -0.45211 -0.394412
-0.769322 -0.506471 -0.389398
-0.734825 -0.559247 -0.383765
-0.670356 -0.629005 -0.39367
-0.631232 -0.665146 -0.398906
-0.61433 -0.684473 -0.39255
-0.554757 -0.737437 -0.385267
-0.504756 -0.76609 -0.397905
-0.478309 -0.786929 -0.389825
-0.399105 -0.83284 -0.383528
-0.388305 -0.834106 -0.391774
-0.334815 -0.856635 -0.392524
-0.280371 -0.875273 -0.394069
-0.224481 -0.893085 -0.389881
-0.163324 -0.901968 -0.399724
-0.0749144 -0.919953 -0.384804
-0.0167976 -0.922048 -0.386712
0.0301672 -0.916254 -0.39946
0.0960457 -0.919458 -0.381276
0.115913 -0.913341 -0.39035
0.180654 -0.90229 -0.391455
0.275848 -0.879695 -0.387356
0.297926 -0.867843 -0.397603
0.358649 -0.847509 -0.391279
0.430101 -0.813515 -0.391417
0.452667 -0.804193 -0.385183
0.534337 -0.746708 -0.39612
0.566199 -0.729046 -0.384591
0.615986 -0.679217 -0.399031
0.668218 -0.632435 -0.391804
0.700767 -0.592416 -0.397452
0.71616 -0.576847 -0.392891
0.765105 -0.511744 -0.39081
0.793928 -0.462533 -0.39464
0.815451 -0.431791 -0.385481
0.851958 -0.346834 -0.392268
0.876258 -0.285856 -0.38789
0.879037 -0.268937 -0.393659
0.897421 -0.215636 -0.384886
0.910921 -0.12584 -0.392921
0.914459 -0.0630032 -0.399744
0.916658 -0.0119106 -0.399495
0.909376 0.0116744 -0.41581
0.908381 0.0998288 -0.406053
0.893229 0.164167 -0.418559
0.884624 0.215354 -0.413597
0.876678 0.244242 -0.414465
0.866773 0.297598 -0.400175
0.827826 0.3732 -0.418839
0.816926 0.398048 -0.41736
0.78176 0.4611 -0.419806
0.761284 0.509351 -0.401257
0.71223 0.570298 -0.409253
0.675197 0.611051 -0.413189
0.649558 0.633874 -0.419855
0.582143 0.701888 -0.410442
0.560748 0.722615 -0.404214
0.534598 0.735932 -0.415463
0.484078 0.770878 -0.414023
0.406489 0.814035 -0.414866
0.364555 0.8314 -0.419373
0.298795 0.862423 -0.408593
0.257218 0.872728 -0.414951
0.187496 0.888364 -0.419112
0.124725 0.906402 -0.403584
0.104249 0.902394 -0.418111
0.00181406 0.913826 -0.406101
-0.0439539 0.910537 -0.411085
-0.0693402 0.907502 -0.414285
-0.154423 0.899149 -0.409493
-0.226602 0.88331 -0.410384
-0.266596 0.870486 -0.413739
-0.306825 0.85899 -0.409872
-0.345317 0.841928 -0.414624
-0.41263 0.813048 -0.410719
-0.463019 0.782407 -0.416476
-0.498935 0.759196 -0.417953
-0.567253 0.71768 -0.40393
-0.586957 0.69586 -0.413837
-0.660871 0.630753 -0.406694
-0.671025 0.611337 -0.419515
-0.716106 0.571439 -0.400811
-0.759565 0.509613 -0.404173
-0.80063 0.445214 -0.400969
-0.810778 0.411632 -0.41617
-0.83203 0.370795 -0.412597
-0.854384 0.318753 -0.410396
-0.871416 0.282329 -0.401154
-0.891125 0.182275 -0.415538
-0.901681 0.153702 -0.404162
-0.907218 0.112759 -0.405267
-0.907942 0.0479052 -0.416349
-0.914002 -0.000799405 -0.405708
-0.902299 -0.112678 -0.416125
-0.906792 -0.122724 -0.403321
-0.89127 -0.178261 -0.416966
-0.870406 -0.276107 -0.407625
-0.857058 -0.314039 -0.408451
-0.837864 -0.360765 -0.409673
-0.817909 -0.403379 -0.410256
-0.791366 -0.44434 -0.419882
-0.753026 -0.512719 -0.412398
-0.714693 -0.567255 -0.409189
-0.693875 -0.591599 -0.410546
-0.635541 -0.654628 -0.409328
-0.592944 -0.692466 -0.410984
-0.563542 -0.714078 -0.415348
-0.531581 -0.736784 -0.417817
-0.455066 -0.791687 -0.407611
-0.413578 -0.817601 -0.400601
-0.341081 -0.8426 -0.416761
-0.32344 -0.85099 -0.413767
-0.275067 -0.86708 -0.415344
-0.212219 -0.884169 -0.416183
-0.152626 -0.898476 -0.411638
-0.0814633 -0.908051 -0.41086
-0.047967 -0.911142 -0.409292
0.0531386 -0.914185 -0.401798
0.0922072 -0.904305 -0.416809
0.132177 -0.905512 -0.403209
0.210978 -0.888704 -0.407053
0.234535 -0.885667 -0.400733
0.333263 -0.85306 -0.401526
0.361113 -0.840726 -0.403456
0.398343 -0.819252 -0.412492
0.464676 -0.78995 -0.400069
0.52385 -0.751185 -0.401625
0.573631 -0.707001 -0.413638
0.600975 -0.682442 -0.416055
0.642749 -0.652136 -0.401986
0.687385 -0.595171 -0.416261
0.709529 -0.566418 -0.419213
0.737346 -0.532144 -0.416105
0.791588 -0.458415 -0.404035
0.807714 -0.420399 -0.413355
0.822045 -0.385536 -0.419052
0.870868 -0.283613 -0.401437
0.873082 -0.274722 -0.40281
0.884033 -0.208522 -0.418335
0.900288 -0.140196 -0.412101
0.908457 -0.0796285 -0.410323
0.916187 -0.0231804 -0.400079
0.90388 0.0389774 -0.426007
0.901175 0.0625593 -0.428917
0.894319 0.14425 -0.42354
0.874719 0.224006 -0.429754
0.87063 0.24988 -0.42375
0.841624 0.332779 -0.425354
0.829272 0.35697 -0.429978
0.811642 0.392362 -0.432769
0.771726 0.462375 -0.436633
0.736008 0.527954 -0.423742
0.718717 0.545126 -0.431606
0.680496 0.599713 -0.421034
0.631135 0.64369 -0.432818
0.614444 0.667393 -0.420767
0.575044 0.698885 -0.425305
0.503018 0.746773 -0.435089
0.472978 0.76645 -0.434564
0.388569 0.813143 -0.433374
0.375378 0.818502 -0.43491
0.281409 0.853843 -0.437905
0.269885 0.860498 -0.432095
0.217831 0.871925 -0.438515
0.137441 0.891025 -0.432648
0.087203 0.900792 -0.425406
0.0308862 0.905554 -0.423105
-0.0417672 0.90312 -0.427351
-0.080159 0.896516 -0.435699
-0.13746 0.894861 -0.424651
-0.185058 0.887736 -0.42152
-0.243008 0.868688 -0.431658
-0.297707 0.854207 -0.426265
-0.333086 0.834919 -0.438138
-0.413526 0.802152 -0.430753
-0.446805 0.779553 -0.438933
-0.522098 0.733827 -0.43464
-0.547624 0.72115 -0.424323
-0.584662 0.694038 -0.420097
-0.644282 0.633266 -0.428807
-0.683565 0.58675 -0.434123
-0.728774 0.539243 -0.422026
-0.748305 0.510691 -0.42336
-0.789056 0.43683 -0.431939
-0.809374 0.391507 -0.437762
-0.839746 0.334672 -0.427575
-0.861543 0.282229 -0.422008
-0.867369 0.257105 -0.426107
-0.879231 0.213292 -0.42598
-0.894925 0.122399 -0.429102
-0.89553 0.0902339 -0.435756
-0.905999 0.0273443 -0.422396
-0.905051 -0.0191089 -0.424873
-0.896632 -0.070479 -0.43713
-0.893651 -0.129871 -0.429558
-0.881181 -0.178681 -0.437714
-0.86327 -0.279712 -0.42015
-0.859563 -0.289805 -0.42091
-0.825718 -0.366127 -0.429116
-0.811543 -0.403527 -0.422569
-0.777125 -0.460065 -0.429438
-0.745898 -0.511883 -0.426161
-0.709647 -0.558603 -0.429377
-0.66361 -0.605201 -0.43972
-0.638533 -0.633823 -0.436513
-0.591553 -0.680708 -0.43209
-0.541257 -0.718469 -0.436857
-0.528711 -0.736084 -0.422665
-0.437444 -0.794499 -0.421206
-0.40865 -0.806805 -0.426698
-0.373881 -0.823993 -0.425733
-0.316037 -0.843432 -0.434446
-0.237984 -0.873761 -0.424151
-0.18795 -0.883344 -0.429392
-0.135866 -0.89341 -0.428204
-0.0636844 -0.905219 -0.420147
-0.0389845 -0.905708 -0.422105
0.032576 -0.902674 -0.42909
0.0812272 -0.895016 -0.438576
0.155729 -0.890818 -0.426839
0.22068 -0.871653 -0.437631
0.264445 -0.864543 -0.427358
0.305331 -0.847894 -0.433415
0.369322 -0.820559 -0.436217
0.391908 -0.813427 -0.429819
0.474205 -0.770829 -0.425386
0.531028 -0.731711 -0.427327
0.559142 -0.71397 -0.421435
0.597158 -0.673806 -0.435188
0.626726 -0.653303 -0.424746
0.670069 -0.610129 -0.422788
0.707694 -0.567361 -0.421035
0.746437 -0.506851 -0.4312
0.774142 -0.458563 -0.436375
0.79171 -0.424892 -0.438934
0.838041 -0.342311 -0.424864
0.855059 -0.301113 -0.422144
0.870763 -0.236571 -0.431052
0.882921 -0.205326 -0.422246
0.892526 -0.135432 -0.43018
0.900083 -0.0692278 -0.430184
0.903932 -0.00706978 -0.427617
0.889928 0.0253137 -0.455398
0.889416 0.0857247 -0.448989
0.875359 0.149192 -0.459879
0.873802 0.174285 -0.453977
0.849335 0.261325 -0.458627
0.841551 0.302461 -0.447559
0.828442 0.339908 -0.445137
0.798698 0.38839 -0.459603
0.777696 0.441867 -0.447149
0.743578 0.502924 -0.440635
0.700042 0.548977 -0.45669
0.654913 0.610897 -0.444852
0.618225 0.638089 -0.458956
0.592043 0.667895 -0.451001
0.527861 0.719947 -0.450598
0.512169 0.733612 -0.446651
0.441478 0.777618 -0.44767
0.409999 0.789578 -0.456581
0.35335 0.820492 -0.449374
0.307735 0.838216 -0.450215
0.228695 0.865543 -0.445571
0.19201 0.868058 -0.457829
0.119622 0.889148 -0.441709
0.086992 0.886346 -0.454778
0.0129266 0.896972 -0.441899
-0.0518793 0.887359 -0.458152
-0.0645861 0.892149 -0.447101
-0.128212 0.879905 -0.457525
-0.189895 0.868414 -0.458036
-0.244741 0.856094 -0.455197
-0.281338 0.849065 -0.447144
-0.366054 0.811982 -0.454631
-0.406709 0.790755 -0.457487
-0.448893 0.776408 -0.442363
-0.510255 0.737888 -0.44177
-0.539935 0.708216 -0.454863
-0.596094 0.664721 -0.450353
-0.632627 0.62448 -0.458048
-0.675041 0.584559 -0.450123
-0.71268 0.545596 -0.440922
-0.753358 0.481178 -0.448239
-0.775917 0.441478 -0.450611
-0.796813 0.411894 -0.442077
-0.812047 0.381769 -0.441397
-0.843109 0.283951 -0.456661
-0.853161 0.265975 -0.448747
-0.8631 0.21187 -0.458442
-0.880129 0.122641 -0.45862
-0.884018 0.108904 -0.45459
-0.896567 0.0102529 -0.44279
-0.889855 -0.0494004 -0.453562
-0.893647 -0.0672684 -0.443701
-0.885186 -0.116772 -0.450344
-0.873981 -0.16805 -0.455978
-0.849754 -0.266981 -0.454576
-0.845653 -0.283062 -0.452489
-0.824266 -0.33567 -0.455973
-0.781534 -0.423437 -0.458155
-0.754155 -0.477114 -0.451234
-0.738453 -0.494747 -0.458163
-0.708425 -0.538577 -0.456146
-0.660653 -0.599586 -0.451701
-0.630727 -0.632 -0.450287
-0.601099 -0.660087 -0.450517
-0.539584 -0.710755 -0.451304
-0.516313 -0.733983 -0.441237
-0.466501 -0.760928 -0.45096
-0.427303 -0.784862 -0.448781
-0.368793 -0.815145 -0.446688
-0.326941 -0.835433 -0.441771
-0.238754 -0.864831 -0.44166
-0.174432 -0.878844 -0.444079
-0.1605 -0.874678 -0.457359
-0.0876847 -0.885813 -0.455683
-0.0173454 -0.896953 -0.441786
0.0500956 -0.888318 -0.456489
0.0793915 -0.89411 -0.440755
0.142385 -0.880314 -0.45252
0.174844 -0.871319 -0.458511
0.247811 -0.854826 -0.455919
0.320154 -0.830212 -0.456344
0.346786 -0.820369 -0.454681
0.390716 -0.807399 -0.442094
0.451998 -0.771005 -0.448608
0.50334 -0.738746 -0.448222
0.547068 -0.705816 -0.450046
0.601 -0.66415 -0.444639
0.616255 -0.648043 -0.447515
0.654719 -0.602561 -0.456359
0.719163 -0.528935 -0.450592
0.731027 -0.506667 -0.457043
0.776876 -0.434118 -0.456076
0.791519 -0.407708 -0.455271
0.824275 -0.345127 -0.44884
0.834368 -0.316003 -0.451632
0.859033 -0.255506 -0.443597
0.880245 -0.172856 -0.441915
0.87661 -0.155805 -0.45528
0.891376 -0.101561 -0.441741
0.891173 -0.02811 -0.452792
0.880346 0.0078486 -0.474268
0.870808 0.106972 -0.479845
0.869213 0.130288 -0.476963
0.86401 0.202617 -0.460906
0.846167 0.250157 -0.470557
0.831977 0.292462 -0.471466
0.808499 0.34248 -0.478578
0.783715 0.411336 -0.465397
0.750886 0.457671 -0.476137
0.734539 0.491704 -0.467631
0.69153 0.540693 -0.478996
0.676122 0.562605 -0.475746
0.62231 0.626334 -0.469507
0.582887 0.666402 -0.464921
0.522372 0.708226 -0.474914
0.500616 0.732577 -0.46121
0.473131 0.751026 -0.460551
0.382488 0.796615 -0.468089
0.353443 0.809732 -0.468415
0.275331 0.838158 -0.470834
0.268196 0.846178 -0.460492
0.168272 0.868329 -0.466571
0.132699 0.87272 -0.469842
0.0939931 0.876078 -0.47292
0.0540194 0.883026 -0.466205
-0.0143898 0.880542 -0.473749
-0.0815831 0.877934 -0.47178
-0.114433 0.877294 -0.466113
-0.196447 0.865638 -0.460521
-0.260292 0.841998 -0.472534
-0.308974 0.827533 -0.468747
-0.349885 0.813457 -0.464617
-0.406206 0.780745 -0.4748
-0.433846 0.770626 -0.466811
-0.516063 0.721464 -0.461701
-0.526168 0.713815 -0.462186
-0.577594 0.660331 -0.479945
-0.62697 0.62781 -0.461264
-0.673412 0.578142 -0.460726
-0.689768 0.545772 -0.475766
-0.727182 0.495815 -0.474735
-0.75381 0.457014 -0.472132
-0.792193 0.378126 -0.479009
-0.821286 0.326574 -0.467802
-0.821382 0.324206 -0.469279
-0.850984 0.224131 -0.474965
-0.864668 0.166122 -0.47408
-0.87271 0.141374 -0.467323
-0.878536 0.0715478 -0.472288
-0.881391 0.0166483 -0.472094
-0.88083 -0.0395433 -0.471779
-0.874983 -0.0874951 -0.476181
-0.871944 -0.159089 -0.463038
-0.869395 -0.176524 -0.461511
-0.840939 -0.265307 -0.471628
-0.833496 -0.289364 -0.470694
-0.81934 -0.332847 -0.466792
-0.790298 -0.389634 -0.472879
-0.776686 -0.429152 -0.461072
-0.73153 -0.498327 -0.465332
-0.717429 -0.522264 -0.461016
-0.653305 -0.594824 -0.468377
-0.609162 -0.631378 -0.479878
-0.581287 -0.668454 -0.463977
-0.527646 -0.707705 -0.469834
-0.516382 -0.718366 -0.466154
-0.467378 -0.748551 -0.470351
-0.391533 -0.789084 -0.473337
-0.336148 -0.810442 -0.47978
-0.294029 -0.828174 -0.477152
-0.25166 -0.844846 -0.472126
-0.167544 -0.862359 -0.477771
-0.136243 -0.871725 -0.470674
-0.0784937 -0.881972 -0.464719
-0.0275616 -0.881526 -0.471331
0.0343911 -0.886163 -0.462096
0.0843538 -0.87844 -0.470347
0.13891 -0.873041 -0.467444
0.19684 -0.862518 -0.466173
0.263396 -0.84665 -0.462391
0.295638 -0.833097 -0.467491
0.368678 -0.797469 -0.477619
0.402869 -0.784837 -0.47088
0.450552 -0.758251 -0.471231
0.493658 -0.73439 -0.465805
0.560842 -0.686986 -0.462068
0.601612 -0.641301 -0.47623
0.615462 -0.627552 -0.476848
0.646214 -0.600873 -0.470489
0.679704 -0.555785 -0.47865
0.714606 -0.516638 -0.471619
0.746276 -0.467159 -0.474167
0.775057 -0.420998 -0.471219
0.816907 -0.331206 -0.472192
0.83317 -0.286478 -0.473031
0.838182 -0.270823 -0.473398
0.86556 -0.190575 -0.463128
0.869011 -0.126444 -0.478364
0.882851 -0.0845858 -0.461973
0.884833 -0.0339912 -0.464667
0.866995 0.0183471 -0.497979
0.869077 0.0937633 -0.485709
0.865843 0.116455 -0.486574
0.851092 0.210173 -0.481114
0.832374 0.26977 -0.484125
0.810003 0.308239 -0.498883
0.801487 0.355991 -0.480509
0.77066 0.397954 -0.49771
0.748195 0.44217 -0.494661
0.72493 0.485015 -0.489119
0.703641 0.519773 -0.484485
0.65895 0.572217 -0.488214
0.621565 0.608344 -0.493533
0.568102 0.667309 -0.48162
0.540104 0.679778 -0.496174
0.482594 0.730438 -0.483284
0.445241 0.747455 -0.493023
0.372552 0.789118 -0.488363
0.34717 0.798656 -0.49155
0.279401 0.821744 -0.49666
0.2287 0.84163 -0.48924
0.190657 0.849799 -0.491419
0.138849 0.861393 -0.488594
0.100953 0.870626 -0.481476
0.0256 0.866206 -0.499031
-0.00962184 0.871137 -0.490947
-0.106759 0.86339 -0.493112
-0.127193 0.861751 -0.491128
-0.198039 0.851374 -0.485739
-0.222971 0.847239 -0.482151
-0.281823 0.819474 -0.499037
-0.349986 0.794624 -0.496067
-0.381003 0.781266 -0.494429
-0.433764 0.755065 -0.491656
-0.48493 0.721734 -0.493906
-0.522094 0.703866 -0.481654
-0.585054 0.650839 -0.48386
-0.61997 0.610486 -0.492894
-0.665036 0.570271 -0.482202
-0.671321 0.551001 -0.495708
-0.718103 0.499135 -0.484966
-0.763907 0.425988 -0.484748
-0.785987 0.382372 -0.485815
-0.804417 0.343448 -0.484723
-0.817971 0.303593 -0.488625
-0.833424 0.248786 -0.493468
-0.849178 0.191119 -0.49231
-0.854089 0.144258 -0.499721
-0.86597 0.0780793 -0.493964
-0.869557 0.0331539 -0.492718
-0.865319 -0.0390975 -0.499694
-0.868767 -0.0644026 -0.491015
-0.864859 -0.120067 -0.487445
-0.847616 -0.188477 -0.496007
-0.831275 -0.246372 -0.49828
-0.825798 -0.277661 -0.490879
-0.78945 -0.358324 -0.49837
-0.788144 -0.383608 -0.481325
-0.755046 -0.43397 -0.491503
-0.733087 -0.465645 -0.495739
-0.68882 -0.531559 -0.492922
-0.66339 -0.567428 -0.48779
-0.61766 -0.608074 -0.498741
-0.570176 -0.657923 -0.491972
-0.542534 -0.675846 -0.498888
-0.47319 -0.738336 -0.480574
-0.437388 -0.748083 -0.499063
-0.406279 -0.776197 -0.482135
-0.324464 -0.805732 -0.495499
-0.284384 -0.820339 -0.496154
-0.251017 -0.834883 -0.489857
-0.194005 -0.84577 -0.497026
-0.114269 -0.868321 -0.48266
-0.0705686 -0.867497 -0.492412
-0.0325586 -0.874242 -0.484398
0.0472784 -0.86801 -0.494291
0.0601334 -0.865459 -0.497358
0.153564 -0.8623 -0.482553
0.202289 -0.848162 -0.489592
0.239387 -0.838907 -0.488803
0.291913 -0.815825 -0.499216
0.367583 -0.792246 -0.487062
0.39606 -0.782182 -0.480966
0.460422 -0.743635 -0.484787
0.470068 -0.735891 -0.48734
0.549634 -0.676434 -0.490245
0.571596 -0.659666 -0.487974
0.61944 -0.616975 -0.485424
0.669755 -0.561783 -0.485621
0.691123 -0.536023 -0.484798
0.736571 -0.470404 -0.485987
0.742153 -0.460118 -0.48734
0.780947 -0.398243 -0.48117
0.795915 -0.342163 -0.499443
0.821471 -0.300871 -0.484418
0.827058 -0.258325 -0.499242
0.84425 -0.199032 -0.497623
0.868815 -0.11367 -0.481913
0.863858 -0.0907037 -0.495501
0.8676 -0.0468148 -0.495055
0.861449 0.0143439 -0.507641
0.860588 0.0966947 -0.500038
0.849903 0.122218 -0.51257
0.836498 0.209718 -0.50625
0.829004 0.24381 -0.503298
0.810971 0.289911 -0.508211
0.783278 0.355296 -0.510137
0.76342 0.392939 -0.512629
0.739824 0.444058 -0.505444
0.715492 0.485796 -0.502069
0.698377 0.511811 -0.500319
0.629307 0.583347 -0.513497
0.598789 0.619498 -0.507616
0.580015 0.629903 -0.516532
0.526632 0.685962 -0.50211
0.485387 0.713026 -0.505958
0.445001 0.731302 -0.516886
0.393063 0.768184 -0.505367
0.337262 0.790357 -0.511458
0.2797 0.8149 -0.507648
0.225863 0.834455 -0.502665
0.18098 0.844505 -0.504041
0.116616 0.851388 -0.51141
0.0627463 0.861358 -0.504109
0.0373717 0.860107 -0.508743
-0.0245389 0.861764 -0.506716
-0.0546778 0.859921 -0.50749
-0.148475 0.84906 -0.507003
-0.169888 0.839804 -0.515622
-0.258485 0.815249 -0.518223
-0.275547 0.811618 -0.515122
-0.347188 0.788619 -0.507484
-0.39731 0.7628 -0.510177
-0.420691 0.756011 -0.501464
-0.483327 0.715478 -0.504467
-0.518746 0.681353 -0.516391
-0.551086 0.664311 -0.504971
-0.616001 0.591787 -0.519933
-0.631331 0.57795 -0.517102
-0.671226 0.534833 -0.513234
-0.726086 0.460949 -0.51022
-0.74822 0.418375 -0.514907
-0.761311 0.412605 -0.500162
-0.793957 0.326577 -0.512815
-0.812796 0.289634 -0.505445
-0.816553 0.263708 -0.513517
-0.830799 0.210531 -0.515219
-0.84604 0.146574 -0.512575
-0.855028 0.0698904 -0.513851
-0.861916 0.00455342 -0.50703
-0.864148 -0.00928902 -0.503151
-0.85949 -0.0761334 -0.50545
-0.855024 -0.122739 -0.503853
-0.847627 -0.164333 -0.504503
-0.820268 -0.260089 -0.509426
-0.801879 -0.316454 -0.506801
-0.793788 -0.31922 -0.517687
-0.752686 -0.407194 -0.517356
-0.743381 -0.440174 -0.503618
-0.711059 -0.480182 -0.513634
-0.688461 -0.524223 -0.501209
-0.63377 -0.581905 -0.50963
-0.623739 -0.593912 -0.508152
-0.588134 -0.634249 -0.501824
-0.527352 -0.674828 -0.516243
-0.46533 -0.730169 -0.500321
-0.446957 -0.733351 -0.512276
-0.376323 -0.775118 -0.507517
-0.336331 -0.79095 -0.511155
-0.313638 -0.796401 -0.517085
-0.255845 -0.821396 -0.509757
-0.195667 -0.843497 -0.500226
-0.114634 -0.855122 -0.505594
-0.0833381 -0.858914 -0.505294
-0.00290307 -0.861498 -0.507753
0.0240757 -0.854875 -0.518275
0.075513 -0.859176 -0.506078
0.146299 -0.850398 -0.50539
0.180273 -0.841006 -0.510109
0.229501 -0.825126 -0.516233
0.306676 -0.799765 -0.516068
0.338487 -0.793503 -0.505747
0.400435 -0.766369 -0.502326
0.44762 -0.738338 -0.504473
0.465953 -0.726344 -0.505284
0.536391 -0.669347 -0.514061
0.579285 -0.639496 -0.505443
0.613343 -0.609359 -0.502486
0.640414 -0.572591 -0.511869
0.699908 -0.509784 -0.500249
0.72576 -0.465318 -0.506707
0.744916 -0.43179 -0.508584
0.773127 -0.381845 -0.506428
0.79791 -0.326 -0.507015
0.807779 -0.310327 -0.501188
0.835312 -0.222164 -0.502889
0.832907 -0.189927 -0.519802
0.848548 -0.155999 -0.5056
0.861105 -0.0812013 -0.5019
0.85613 -0.0344886 -0.515608
0.846586 0.0257238 -0.53163
0.84703 0.0991012 -0.522225
0.843356 0.119247 -0.523956
0.825196 0.200377 -0.52811
0.814034 0.231955 -0.53249
0.786042 0.308925 -0.535448
0.786226 0.322867 -0.526883
0.750426 0.392246 -0.531982
0.713138 0.449425 -0.538006
0.687381 0.496758 -0.529848
0.669321 0.52846 -0.522244
0.646789 0.542111 -0.536451
0.618274 0.588138 -0.521374
0.576553 0.626761 -0.524173
0.498129 0.684626 -0.532122
0.490154 0.691639 -0.530458
0.425671 0.733817 -0.52945
0.379393 0.764723 -0.520825
0.337513 0.772847 -0.537394
0.287701 0.798212 -0.529232
0.248803 0.80586 -0.537295
0.200226 0.82461 -0.529082
0.156263 0.834294 -0.528711
0.0880119 0.838666 -0.537489
0.033971 0.853454 -0.52006
-0.00615865 0.850517 -0.525912
-0.0599557 0.852014 -0.520074
-0.110562 0.844294 -0.524351
-0.181887 0.83181 -0.524413
-0.25423 0.812425 -0.524721
-0.300566 0.794074 -0.528306
-0.358155 0.775259 -0.520287
-0.364311 0.767228 -0.527862
-0.420379 0.735627 -0.531162
-0.45525 0.715399 -0.530048
-0.512172 0.671792 -0.535141
-0.551134 0.648497 -0.525074
-0.606032 0.591786 -0.531521
-0.636535 0.56471 -0.525286
-0.666959 0.533144 -0.520503
-0.692667 0.482229 -0.536346
-0.739739 0.417576 -0.527651
-0.75866 0.380565 -0.528777
-0.77701 0.327037 -0.537868
-0.796416 0.307853 -0.520527
-0.813618 0.239618 -0.529725
-0.822795 0.183884 -0.537768
-0.837749 0.144502 -0.526588
-0.845225 0.0591769 -0.531124
-0.845961 0.0500952 -0.530886
-0.842701 -0.0159583 -0.538145
-0.846666 -0.0618691 -0.528516
-0.841144 -0.106361 -0.530249
-0.819939 -0.198309 -0.537004
-0.809089 -0.255901 -0.529047
-0.807264 -0.277503 -0.520882
-0.783263 -0.334671 -0.523922
-0.756771 -0.393712 -0.521814
-0.721379 -0.456789 -0.520535
-0.716622 -0.458142 -0.525889
-0.664506 -0.534476 -0.522271
-0.653378 -0.540656 -0.529894
-0.589173 -0.613671 -0.525625
-0.548914 -0.649896 -0.525669
-0.504248 -0.678476 -0.534232
-0.468613 -0.700744 -0.537922
-0.442187 -0.728957 -0.522583
-0.376673 -0.755814 -0.535596
-0.331266 -0.782998 -0.526475
-0.273693 -0.803691 -0.528368
-0.238484 -0.813702 -0.530107
-0.175649 -0.835341 -0.520915
-0.150873 -0.829474 -0.537782
-0.0578572 -0.848062 -0.526728
-0.019776 -0.852465 -0.52241
0.0123829 -0.841972 -0.539379
0.0779774 -0.845513 -0.52823
0.143344 -0.839119 -0.52472
0.186576 -0.829922 -0.525755
0.261898 -0.806144 -0.530606
0.284192 -0.800977 -0.526945
0.335039 -0.777391 -0.532365
0.378735 -0.755229 -0.534966
0.414183 -0.74538 -0.52236
0.481534 -0.705082 -0.520562
0.518451 -0.665491 -0.536964
0.572068 -0.617384 -0.539977
0.616446 -0.5871 -0.524698
0.642966 -0.56175 -0.520608
0.655516 -0.531903 -0.536077
0.71252 -0.466576 -0.524043
0.734212 -0.427162 -0.527699
0.761401 -0.380693 -0.52473
0.780977 -0.336546 -0.52613
0.807984 -0.271723 -0.522808
0.813859 -0.237132 -0.530473
0.82606 -0.204263 -0.525263
0.827323 -0.157202 -0.539281
0.841351 -0.101883 -0.530799
0.852833 -0.0231521 -0.521671
0.832172 0.0487733 -0.552369
0.836024 0.0852498 -0.54203
0.821902 0.12153 -0.556514
0.810704 0.200356 -0.550106
0.799509 0.221919 -0.558155
0.798571 0.265582 -0.540139
0.773724 0.328599 -0.54164
0.745758 0.369332 -0.554472
0.736645 0.406789 -0.540257
0.696988 0.451796 -0.556856
0.660303 0.503365 -0.557337
0.63771 0.536394 -0.552819
0.586565 0.594355 -0.550167
0.573051 0.613961 -0.54283
0.521651 0.649038 -0.553741
0.476959 0.6837 -0.552327
0.417482 0.7285 -0.543135
0.354026 0.750195 -0.558456
0.33747 0.770286 -0.541085
0.258577 0.789395 -0.55677
0.21473 0.803833 -0.554746
0.166905 0.824007 -0.541437
0.115787 0.830568 -0.544747
0.0921533 0.834819 -0.542756
0.00101284 0.83084 -0.556511
-0.0363772 0.835641 -0.54807
-0.0548979 0.835369 -0.546941
-0.148269 0.817546 -0.556448
-0.205374 0.807481 -0.552988
-0.223304 0.79918 -0.558074
-0.285272 0.789256 -0.543779
-0.323509 0.767926 -0.552839
-0.383751 0.745637 -0.544758
-0.41683 0.726307 -0.546563
-0.451281 0.694913 -0.559858
-0.523379 0.654951 -0.545082
-0.549565 0.637273 -0.540242
-0.580728 0.599303 -0.55099
-0.636665 0.548113 -0.542429
-0.674027 0.493148 -0.549994
-0.700549 0.450583 -0.553359
-0.704017 0.445854 -0.552788
-0.737917 0.378222 -0.558952
-0.763952 0.325077 -0.557407
-0.791469 0.269646 -0.548514
-0.798104 0.225651 -0.558669
-0.818541 0.178898 -0.545881
-0.819081 0.128045 -0.559206
-0.835008 0.0901443 -0.542804
-0.829628 0.0452344 -0.556481
-0.835745 -0.00410408 -0.549102
-0.826808 -0.0764394 -0.557266
-0.826831 -0.126318 -0.548082
-0.811957 -0.182863 -0.554335
-0.811057 -0.220043 -0.542003
-0.781252 -0.296226 -0.549451
-0.778934 -0.314757 -0.542393
-0.750779 -0.357172 -0.555661
-0.713898 -0.431539 -0.551474
-0.673923 -0.489595 -0.553285
-0.657505 -0.516509 -0.548549
-0.617604 -0.559957 -0.55228
-0.590791 -0.596334 -0.543462
-0.561777 -0.62234 -0.545069
-0.526158 -0.642358 -0.557255
-0.477709 -0.68591 -0.548928
-0.436033 -0.717568 -0.543113
-0.374655 -0.742179 -0.555702
-0.330425 -0.763809 -0.55445
-0.268642 -0.796483 -0.541707
-0.229289 -0.800066 -0.554365
-0.164605 -0.817561 -0.551815
-0.136816 -0.821605 -0.553396
-0.0913898 -0.824724 -0.558103
-0.0227597 -0.841008 -0.540544
0.0239509 -0.838186 -0.544859
0.0977279 -0.833804 -0.543342
0.12298 -0.830336 -0.543523
0.178771 -0.816732 -0.548625
0.222063 -0.802995 -0.55307
0.263031 -0.792565 -0.550142
0.338902 -0.761695 -0.552238
0.374866 -0.747637 -0.548192
0.410177 -0.731662 -0.54445
0.458127 -0.69194 -0.557977
0.512971 -0.651364 -0.559094
0.550865 -0.621247 -0.557314
0.592286 -0.589649 -0.5491
0.617434 -0.554058 -0.558386
0.671021 -0.49098 -0.555581
0.671706 -0.486608 -0.558591
0.708958 -0.443902 -0.548023
0.741468 -0.373271 -0.557578
0.763223 -0.341141 -0.548737
0.784225 -0.305356 -0.540138
0.800886 -0.231917 -0.552084
0.815604 -0.197649 -0.543806
0.829861 -0.126104 -0.543534
0.829458 -0.0837105 -0.552261
0.8317 -0.0255144 -0.554639
0.817995 0.0353138 -0.57414
0.822709 0.0815636 -0.56258
0.814481 0.133414 -0.564643
0.810865 0.16269 -0.562165
0.777266 0.246477 -0.578884
0.77147 0.29839 -0.561958
0.74882 0.323991 -0.578185
0.719386 0.383106 -0.579408
0.714669 0.417054 -0.561527
0.696066 0.446862 -0.561966
0.642792 0.511831 -0.569954
0.608861 0.549698 -0.571945
0.566826 0.586682 -0.578371
0.544069 0.619603 -0.565757
0.525811 0.637207 -0.563463
0.448864 0.695662 -0.560871
0.431195 0.696022 -0.574129
0.352986 0.74268 -0.569058
0.322005 0.752021 -0.575132
0.270386 0.781839 -0.5618
0.244872 0.785056 -0.568968
0.186166 0.799212 -0.571491
0.125839 0.809313 -0.573739
0.0641573 0.82402 -0.562916
0.0387062 0.814376 -0.579045
-0.0230887 0.816466 -0.576932
-0.0738688 0.812023 -0.578932
-0.14801 0.813263 -0.562758
-0.176324 0.806482 -0.564356
-0.224207 0.791947 -0.567936
-0.275676 0.774818 -0.568911
-0.310939 0.763947 -0.565422
-0.382551 0.72538 -0.572258
-0.41526 0.715491 -0.561811
-0.449718 0.691184 -0.565702
-0.516743 0.646374 -0.561406
-0.550167 0.612707 -0.567369
-0.568392 0.60107 -0.561823
-0.610415 0.556351 -0.563797
-0.634279 0.51525 -0.576375
-0.684546 0.454894 -0.569622
-0.704217 0.420803 -0.571842
-0.742222 0.364768 -0.562183
-0.753086 0.335658 -0.565858
-0.780805 0.270639 -0.563115
-0.787539 0.223375 -0.574357
-0.811977 0.155478 -0.562601
-0.809894 0.115631 -0.575066
-0.816515 0.059419 -0.574258
-0.826968 0.000104138 -0.562249
-0.828108 -0.0095106 -0.560488
-0.815281 -0.0715313 -0.57463
-0.804244 -0.144148 -0.576553
-0.807626 -0.154984 -0.568965
-0.798117 -0.219254 -0.561192
-0.776756 -0.281893 -0.563193
-0.743285 -0.335704 -0.578646
-0.736588 -0.348958 -0.579367
-0.713639 -0.407721 -0.569635
-0.677047 -0.468723 -0.567368
-0.656996 -0.482798 -0.579019
-0.633177 -0.529259 -0.564776
-0.566744 -0.602921 -0.561504
-0.529183 -0.622606 -0.576479
-0.482824 -0.658996 -0.576719
-0.444158 -0.68649 -0.575722
-0.420127 -0.712192 -0.562384
-0.35378 -0.745348 -0.565063
-0.317598 -0.760174 -0.566804
-0.280936 -0.765181 -0.579287
-0.245822 -0.777114 -0.579367
-0.157801 -0.800049 -0.578809
-0.106958 -0.809343 -0.577515
-0.0840054 -0.811102 -0.578841
-0.0357828 -0.825408 -0.563401
0.00619342 -0.814664 -0.5799
0.0637433 -0.820602 -0.567935
0.127737 -0.815808 -0.56404
0.155988 -0.810547 -0.564518
0.208262 -0.798233 -0.565201
0.254142 -0.774523 -0.579246
0.304167 -0.756892 -0.578444
0.357623 -0.73875 -0.571275
0.439496 -0.701861 -0.560567
0.479544 -0.660675 -0.577535
0.519255 -0.64026 -0.566075
0.536807 -0.628983 -0.562334
0.596186 -0.560389 -0.574914
0.626308 -0.539167 -0.563061
0.645213 -0.512066 -0.566999
0.669281 -0.464439 -0.579965
0.705113 -0.423308 -0.568882
0.734503 -0.365797 -0.571575
0.755421 -0.30987 -0.577338
0.764099 -0.2955 -0.573439
0.785984 -0.221175 -0.577331
0.809383 -0.165562 -0.563462
0.810371 -0.116018 -0.574316
0.812591 -0.0642547 -0.579282
0.819643 -0.00819788 -0.572815
0.802506 0.0476817 -0.594736
0.799223 0.093499 -0.593718
0.802458 0.123565 -0.583775
0.784681 0.167224 -0.596919
0.784824 0.211837 -0.582388
0.763725 0.254406 -0.593297
0.748099 0.302133 -0.590816
0.727791 0.349174 -0.590253
0.694813 0.403845 -0.5951
0.664662 0.447259 -0.598485
0.628753 0.506376 -0.59013
0.604287 0.54499 -0.581225
0.560087 0.579934 -0.59159
0.533089 0.608019 -0.588328
0.512224 0.62372 -0.590423
0.464899 0.662187 -0.587688
0.433438 0.689705 -0.580034
0.383126 0.717094 -0.582229
0.299224 0.749879 -0.590039
0.267543 0.761289 -0.590644
0.241468 0.775712 -0.583065
0.165785 0.786608 -0.594779
0.139221 0.798174 -0.58612
0.0975629 0.796832 -0.596272
0.0132667 0.805371 -0.592623
-0.00698275 0.807549 -0.589759
-0.0784279 0.803164 -0.590573
-0.106017 0.795697 -0.596344
-0.163425 0.793272 -0.586525
-0.241461 0.768119 -0.593035
-0.252191 0.770208 -0.585815
-0.313165 0.750386 -0.582107
-0.35619 0.730927 -0.582129
-0.415854 0.692366 -0.589657
-0.435805 0.685289 -0.583484
-0.490287 0.646428 -0.584594
-0.5544 0.592708 -0.584241
-0.576457 0.575151 -0.580429
-0.619848 0.523697 -0.584406
-0.647814 0.479968 -0.591581
-0.654328 0.471203 -0.591458
-0.678323 0.424431 -0.599781
-0.724788 0.351901 -0.592324
-0.753535 0.301501 -0.584194
-0.771987 0.258287 -0.580796
-0.768815 0.232268 -0.595798
-0.78633 0.155371 -0.597951
-0.791369 0.150756 -0.592459
-0.807265 0.0965358 -0.582241
-0.804946 0.0361234 -0.592248
-0.811754 -0.0429899 -0.582416
-0.802914 -0.0673975 -0.592273
-0.791846 -0.132316 -0.596215
-0.787724 -0.15186 -0.597018
-0.776747 -0.221962 -0.589403
-0.761843 -0.24982 -0.597649
-0.733353 -0.337885 -0.589938
-0.73274 -0.351183 -0.582892
-0.696441 -0.403315 -0.593554
-0.666784 -0.466592 -0.581111
-0.630287 -0.51119 -0.584314
-0.623438 -0.523269 -0.58096
-0.56228 -0.57449 -0.594814
-0.523962 -0.621561 -0.582345
-0.483158 -0.641792 -0.595534
-0.43984 -0.683307 -0.58278
-0.399399 -0.70049 -0.591434
-0.373659 -0.720149 -0.584606
-0.340732 -0.733788 -0.587755
-0.256747 -0.766824 -0.58827
-0.235131 -0.772237 -0.590223
-0.198928 -0.776402 -0.59802
-0.149908 -0.798268 -0.583349
-0.0589306 -0.810747 -0.582423
-0.0418235 -0.80778 -0.587998
0.0311872 -0.805882 -0.591254
0.0822691 -0.810135 -0.580443
0.138876 -0.791954 -0.594577
0.19398 -0.787023 -0.585633
0.203231 -0.779657 -0.592311
0.285221 -0.754162 -0.591514
0.301625 -0.741675 -0.599116
0.35225 -0.726395 -0.590144
0.427888 -0.684184 -0.590597
0.474229 -0.657629 -0.585347
0.503618 -0.626319 -0.595057
0.542305 -0.603266 -0.584787
0.564603 -0.571253 -0.59573
0.61687 -0.516379 -0.59399
0.628106 -0.513041 -0.58504
0.681666 -0.443815 -0.581687
0.681913 -0.426383 -0.5943
0.719072 -0.369586 -0.588508
0.740077 -0.308894 -0.597386
0.762281 -0.275258 -0.585799
0.77654 -0.206385 -0.595307
0.794033 -0.165937 -0.584788
0.806281 -0.114927 -0.580261
0.798031 -0.0732674 -0.598146
0.804244 -0.041745 -0.592831
0.79237 0.0196394 -0.609725
0.780731 0.0849818 -0.619062
0.787463 0.136904 -0.600965
0.775984 0.186181 -0.602648
0.760334 0.214922 -0.612945
0.736524 0.277335 -0.616943
0.730207 0.319379 -0.603982
0.69854 0.362834 -0.616761
0.683154 0.416121 -0.60012
0.663191 0.43838 -0.60663
0.642007 0.472441 -0.603843
0.600526 0.524862 -0.603231
0.568089 0.545321 -0.61636
0.518755 0.60548 -0.603563
0.470985 0.633046 -0.61435
0.453925 0.641895 -0.617999
0.390278 0.694642 -0.604281
0.367122 0.694674 -0.618586
0.334001 0.716993 -0.611853
0.283202 0.748034 -0.600201
0.204154 0.766508 -0.608923
0.164254 0.767677 -0.619429
0.108888 0.786136 -0.608386
0.0786209 0.792033 -0.605395
0.0198446 0.791894 -0.610336
-0.0351327 0.788193 -0.614425
-0.0931616 0.783819 -0.613962
-0.125615 0.787935 -0.60281
-0.165428 0.781827 -0.601148
-0.235351 0.760784 -0.604829
-0.253302 0.756645 -0.602766
-0.305042 0.723242 -0.619573
-0.374044 0.689804 -0.619889
-0.406181 0.678316 -0.612294
-0.446357 0.645846 -0.619394
-0.47926 0.624651 -0.616539
-0.535264 0.584665 -0.609639
-0.579101 0.550612 -0.601222
-0.587548 0.529197 -0.612158
-0.616555 0.501975 -0.606532
-0.637008 0.459895 -0.618642
-0.680848 0.395172 -0.616672
-0.710374 0.335689 -0.618613
-0.741552 0.294245 -0.602926
-0.746622 0.274765 -0.605855
-0.756063 0.223213 -0.615259
-0.775413 0.161007 -0.610582
-0.778485 0.122119 -0.615669
-0.786091 0.0793874 -0.612991
-0.798107 0.0190978 -0.602213
-0.798269 -0.0470813 -0.600458
-0.795903 -0.0754785 -0.600701
-0.781914 -0.103582 -0.61472
-0.776387 -0.165565 -0.608122
-0.758697 -0.232502 -0.60854
-0.748359 -0.261965 -0.609372
-0.727071 -0.30396 -0.61561
-0.694448 -0.365523 -0.619786
-0.694096 -0.389319 -0.605526
-0.650898 -0.446492 -0.613984
-0.626988 -0.483959 -0.610466
-0.614725 -0.511966 -0.600003
-0.553384 -0.573462 -0.604075
-0.509946 -0.604978 -0.61152
-0.481227 -0.635647 -0.603634
-0.457728 -0.647344 -0.609451
-0.402063 -0.680594 -0.612485
-0.364432 -0.699973 -0.614188
-0.331505 -0.717961 -0.612076
-0.289119 -0.734379 -0.614083
-0.235057 -0.751069 -0.616963
-0.166956 -0.776343 -0.607798
-0.129961 -0.782063 -0.609498
-0.0623024 -0.792412 -0.606796
-0.0478044 -0.790731 -0.610295
0.00190156 -0.795153 -0.606406
0.0656648 -0.789658 -0.610023
0.13508 -0.787133 -0.60181
0.182316 -0.777342 -0.60208
0.210567 -0.762981 -0.611164
0.247022 -0.755285 -0.607063
0.336432 -0.717602 -0.609805
0.346095 -0.712167 -0.610767
0.389148 -0.69312 -0.606752
0.427868 -0.670319 -0.606302
0.475289 -0.640264 -0.603459
0.529265 -0.595578 -0.604289
0.5637 -0.550442 -0.615838
0.577047 -0.532968 -0.618839
0.625516 -0.487932 -0.608812
0.666797 -0.437349 -0.603413
0.686438 -0.396019 -0.609895
0.713648 -0.358819 -0.601627
0.722587 -0.329802 -0.607534
0.756218 -0.249132 -0.605035
0.762808 -0.216174 -0.60942
0.770876 -0.149 -0.619314
0.781424 -0.12356 -0.611645
0.795741 -0.0540872 -0.603217
0.789713 -0.0260132 -0.612924
0.767995 0.039563 -0.639232
0.772216 0.0571669 -0.632784
0.76944 0.118454 -0.627639
0.753863 0.159773 -0.637309
0.747361 0.207287 -0.631255
0.722454 0.272133 -0.635613
0.723419 0.301003 -0.621339
0.700954 0.337858 -0.628105
0.65631 0.404002 -0.637213
0.655004 0.422198 -0.626673
0.601653 0.485416 -0.634338
0.573969 0.517845 -0.634347
0.552896 0.539145 -0.635317
0.501003 0.599961 -0.623733
0.465736 0.627078 -0.624389
0.450205 0.634717 -0.628053
0.413075 0.654697 -0.633041
0.37378 0.683359 -0.627143
0.320979 0.70764 -0.629458
0.285106 0.724835 -0.627159
0.233402 0.740203 -0.630573
0.163918 0.7546 -0.635381
0.137403 0.765758 -0.628279
0.0835945 0.768076 -0.634879
0.0445487 0.767812 -0.639125
-0.0329135 0.777726 -0.627741
-0.0534096 0.768476 -0.637645
-0.129006 0.76817 -0.627115
-0.171771 0.758954 -0.628079
-0.222092 0.742891 -0.631497
-0.285601 0.72434 -0.627506
-0.285283 0.71694 -0.63609
-0.341129 0.706224 -0.620386
-0.398569 0.674699 -0.621227
-0.434293 0.646065 -0.627686
-0.491454 0.600726 -0.630557
-0.505483 0.588325 -0.631157
-0.56507 0.532522 -0.630172
-0.574823 0.52288 -0.629424
-0.614672 0.481292 -0.624929
-0.648226 0.432632 -0.626603
-0.666656 0.410696 -0.622012
-0.687527 0.352691 -0.634757
-0.700236 0.321918 -0.637211
-0.721906 0.263218 -0.639975
-0.73987 0.221316 -0.635304
-0.760005 0.166389 -0.628257
-0.768084 0.125011 -0.628028
-0.769216 0.074528 -0.634628
-0.768445 0.0427415 -0.638487
-0.770022 -0.0218831 -0.637642
-0.780942 -0.0708492 -0.620573
-0.762731 -0.122634 -0.634982
-0.762151 -0.15635 -0.628236
-0.739033 -0.222699 -0.635795
-0.734474 -0.244779 -0.632955
-0.710889 -0.320889 -0.625834
-0.704518 -0.333118 -0.626647
-0.68009 -0.384689 -0.624093
-0.654757 -0.427357 -0.623426
-0.598732 -0.491304 -0.632566
-0.596126 -0.495761 -0.631549
-0.532298 -0.565334 -0.630125
-0.523396 -0.574307 -0.629466
-0.480501 -0.6113 -0.628833
-0.444952 -0.639379 -0.627066
-0.397314 -0.660588 -0.636997
-0.346328 -0.690278 -0.635274
-0.320032 -0.700033 -0.638383
-0.251744 -0.729137 -0.636384
-0.216678 -0.740066 -0.636674
-0.185903 -0.748472 -0.636577
-0.138599 -0.768787 -0.624305
-0.0775235 -0.778293 -0.623098
-0.0329693 -0.778255 -0.627082
0.0477816 -0.773112 -0.632467
0.0588257 -0.778201 -0.625254
0.13575 -0.772391 -0.620471
0.170383 -0.762955 -0.623593
0.224604 -0.751658 -0.620131
0.254481 -0.726867 -0.63789
0.316324 -0.701245 -0.638901
0.359773 -0.683774 -0.634836
0.40337 -0.666583 -0.626865
0.419363 -0.646137 -0.637684
0.485649 -0.608701 -0.627398
0.50109 -0.590543 -0.632587
0.556837 -0.533231 -0.636865
0.600064 -0.496534 -0.627199
0.623007 -0.469972 -0.625291
0.655138 -0.422267 -0.626486
0.667833 -0.390044 -0.633928
0.702682 -0.345885 -0.621773
0.710283 -0.31972 -0.627118
0.73266 -0.270949 -0.624337
0.734158 -0.232877 -0.637793
0.75773 -0.152717 -0.634446
0.761006 -0.122291 -0.637114
0.770927 -0.087615 -0.630869
0.782113 -0.0281377 -0.622502
0.761928 0.0237027 -0.647228
0.759957 0.0955566 -0.642911
0.743302 0.141251 -0.653874
0.740307 0.143807 -0.656708
0.726698 0.191455 -0.659739
0.713653 0.247412 -0.655353
0.690347 0.296891 -0.659755
0.679831 0.323901 -0.657965
0.664659 0.379346 -0.643681
0.633372 0.424696 -0.646895
0.606552 0.454485 -0.652333
0.574933 0.496623 -0.650244
0.546991 0.537986 -0.641383
0.49508 0.569631 -0.656061
0.448771 0.611853 -0.651337
0.414274 0.646333 -0.640805
0.400365 0.64746 -0.648462
0.357759 0.662226 -0.65838
0.29273 0.707267 -0.643493
0.274567 0.71459 -0.643408
0.190308 0.729397 -0.657086
0.149889 0.745479 -0.649457
0.125228 0.751239 -0.648042
0.066779 0.749726 -0.65837
0.035065 0.756972 -0.652506
-0.0114236 0.751407 -0.65974
-0.0714826 0.756604 -0.649954
-0.121809 0.748703 -0.651618
-0.159025 0.736622 -0.657343
-0.210482 0.73586 -0.643589
-0.245817 0.722458 -0.646242
-0.313045 0.695037 -0.647245
-0.336378 0.68323 -0.64811
-0.387006 0.646935 -0.65704
-0.412309 0.647679 -0.640714
-0.477711 0.585648 -0.654835
-0.487086 0.57288 -0.659208
-0.529892 0.539128 -0.654642
-0.573653 0.496176 -0.651715
-0.585861 0.471722 -0.658972
-0.633952 0.405926 -0.658277
-0.652637 0.390879 -0.64906
-0.66769 0.365216 -0.648696
-0.686057 0.307075 -0.659568
-0.710618 0.273232 -0.648357
-0.728831 0.200371 -0.654719
-0.739237 0.184948 -0.647551
-0.753163 0.105595 -0.649304
-0.757733 0.0804176 -0.64759
-0.761751 0.0280017 -0.647264
-0.76265 -0.00502873 -0.646792
-0.760704 -0.0622741 -0.646104
-0.756764 -0.0974035 -0.646391
-0.734463 -0.183926 -0.65325
-0.725167 -0.216182 -0.653758
-0.719446 -0.264224 -0.642327
-0.695379 -0.30452 -0.650934
-0.673566 -0.369279 -0.640266
-0.64035 -0.405912 -0.652064
-0.644201 -0.41002 -0.64567
-0.619054 -0.450926 -0.642992
-0.565939 -0.50066 -0.655021
-0.551508 -0.532185 -0.642354
-0.50479 -0.57237 -0.646204
-0.458853 -0.605049 -0.650669
-0.408428 -0.632373 -0.658249
-0.395866 -0.643057 -0.655567
-0.364639 -0.67305 -0.643461
-0.28861 -0.707497 -0.645099
-0.240049 -0.72986 -0.640064
-0.229674 -0.725352 -0.648933
-0.142565 -0.745665 -0.650891
-0.115653 -0.747797 -0.653777
-0.080514 -0.747382 -0.659498
-0.0353577 -0.75826 -0.650992
0.0335147 -0.762379 -0.646262
0.0510264 -0.762006 -0.645557
0.114648 -0.755937 -0.644527
0.168301 -0.744892 -0.645608
0.224342 -0.718956 -0.657855
0.272837 -0.71454 -0.644199
0.321694 -0.684938 -0.653738
0.364048 -0.676228 -0.640456
0.381146 -0.665521 -0.641724
0.408973 -0.636508 -0.65391
0.454975 -0.614599 -0.644411
0.515308 -0.565236 -0.644178
0.555088 -0.528015 -0.642711
0.559776 -0.518402 -0.64646
0.615438 -0.454712 -0.643796
0.630454 -0.428289 -0.647377
0.65658 -0.380176 -0.651436
0.682417 -0.331755 -0.651341
0.711021 -0.289426 -0.640845
0.724448 -0.238664 -0.646695
0.727689 -0.209199 -0.653227
0.735992 -0.171898 -0.654803
0.75188 -0.106383 -0.65066
0.762011 -0.066275 -0.644164
0.767682 -0.00464424 -0.640815
0.738474 0.0121249 -0.674173
0.745018 0.090199 -0.660918
0.74376 0.102584 -0.660528
0.720369 0.15388 -0.676306
0.722598 0.185777 -0.665837
0.700567 0.260239 -0.664441
0.675615 0.307296 -0.670159
0.673334 0.320732 -0.666147
0.641083 0.371003 -0.67184
0.596323 0.429075 -0.67845
0.587218 0.460467 -0.665691
0.571659 0.474416 -0.669429
0.535264 0.502929 -0.678642
0.499842 0.54177 -0.675754
0.441461 0.594046 -0.672474
0.428354 0.616239 -0.66088
0.39812 0.635239 -0.661794
0.35501 0.657073 -0.664998
0.31506 0.676717 -0.665426
0.248901 0.700051 -0.669311
0.200748 0.722664 -0.661405
0.159435 0.730104 -0.664476
0.114746 0.733779 -0.669629
0.0893072 0.734172 -0.673064
0.0196033 0.735155 -0.677615
-0.00780418 0.751221 -0.660004
-0.0691082 0.745253 -0.663191
-0.0980074 0.74146 -0.663801
-0.183719 0.719713 -0.669523
-0.190349 0.722512 -0.664638
-0.239793 0.696675 -0.676124
-0.312195 0.67487 -0.668644
-0.345691 0.659687 -0.667316
-0.387872 0.643147 -0.660241
-0.413883 0.610859 -0.674946
-0.469984 0.581561 -0.664005
-0.492209 0.563702 -0.663303
-0.53108 0.521386 -0.667915
-0.536637 0.500837 -0.679104
-0.592846 0.440133 -0.674401
-0.617823 0.407489 -0.672493
-0.653351 0.370806 -0.660026
-0.659654 0.352386 -0.663838
-0.678062 0.284963 -0.677516
-0.697582 0.270745 -0.663383
-0.714036 0.184513 -0.675357
-0.723337 0.17606 -0.667673
-0.72825 0.103672 -0.677425
-0.733581 0.0515564 -0.677643
-0.744201 0.0173303 -0.66773
-0.744357 -0.0274546 -0.667217
-0.739902 -0.0711628 -0.66894
-0.739127 -0.13344 -0.660216
-0.725107 -0.184527 -0.663453
-0.700747 -0.222473 -0.677834
-0.693045 -0.250317 -0.67604
-0.673702 -0.30691 -0.672258
-0.658032 -0.351317 -0.666011
-0.63865 -0.360374 -0.679894
-0.623079 -0.404476 -0.669457
-0.597015 -0.447706 -0.665682
-0.556441 -0.501089 -0.662784
-0.541602 -0.509268 -0.668815
-0.498097 -0.552464 -0.668343
-0.43943 -0.589396 -0.677875
-0.421934 -0.600722 -0.679047
-0.382941 -0.638269 -0.667809
-0.338777 -0.654811 -0.675613
-0.277021 -0.693719 -0.664841
-0.268332 -0.694729 -0.667345
-0.219996 -0.702412 -0.676919
-0.163213 -0.721408 -0.673002
-0.0942151 -0.727646 -0.679452
-0.0484091 -0.745029 -0.665273
-0.0124007 -0.748923 -0.662541
0.0193456 -0.748703 -0.662624
0.0584974 -0.731299 -0.679544
0.113486 -0.74124 -0.661577
0.162617 -0.728361 -0.665617
0.191359 -0.712744 -0.674817
0.261185 -0.698738 -0.665994
0.303466 -0.678899 -0.668584
0.328094 -0.674024 -0.661851
0.374879 -0.649192 -0.661828
0.419046 -0.620068 -0.663262
0.437027 -0.600796 -0.669367
0.475952 -0.566688 -0.672558
0.528645 -0.52201 -0.669358
0.569777 -0.487778 -0.661382
0.576833 -0.465343 -0.671357
0.619643 -0.409876 -0.669361
0.636009 -0.379093 -0.672146
0.657654 -0.325457 -0.679388
0.670561 -0.302757 -0.677264
0.705466 -0.248785 -0.663644
0.713949 -0.208301 -0.668497
0.731474 -0.146502 -0.665945
0.738188 -0.122163 -0.663441
0.745681 -0.0816863 -0.661277
0.737415 -0.0358447 -0.674488
0.719496 0.00871259 -0.694442
0.726185 0.0617449 -0.684721
0.716919 0.122986 -0.686223
0.699043 0.150743 -0.69901
0.696014 0.203081 -0.68871
0.673221 0.261841 -0.691529
0.674808 0.27623 -0.684347
0.653842 0.3171 -0.686977
0.623378 0.353602 -0.697399
0.610867 0.390483 -0.688741
0.556969 0.452682 -0.696322
0.553906 0.464916 -0.690682
0.502248 0.515431 -0.694318
0.469007 0.551222 -0.690063
0.447671 0.557172 -0.699392
0.404724 0.61124 -0.680135
0.379262 0.618271 -0.688405
0.322996 0.657373 -0.680833
0.263604 0.664833 -0.698935
0.252744 0.686059 -0.682234
0.193652 0.697215 -0.69021
0.148592 0.712539 -0.685717
0.106113 0.708746 -0.697438
0.0565273 0.713576 -0.698294
0.0292022 0.716539 -0.696936
-0.029903 0.717535 -0.69588
-0.0607814 0.726689 -0.684272
-0.131508 0.706364 -0.695525
-0.149883 0.717079 -0.680685
-0.179175 0.697138 -0.694186
-0.254358 0.677503 -0.690139
-0.303605 0.652925 -0.693911
-0.334038 0.632115 -0.699178
-0.382593 0.610847 -0.693173
-0.414415 0.588054 -0.694588
-0.436635 0.582311 -0.685758
-0.4817 0.541304 -0.68917
-0.500006 0.510778 -0.699356
-0.558505 0.469024 -0.68417
-0.565531 0.464551 -0.681445
-0.612076 0.395689 -0.684685
-0.618208 0.368347 -0.694363
-0.649951 0.331454 -0.683887
-0.661404 0.299705 -0.687548
-0.669521 0.260872 -0.695477
-0.697064 0.212969 -0.68465
-0.704655 0.137725 -0.696055
-0.72213 0.102235 -0.684161
-0.718818 0.0512726 -0.693305
-0.720084 0.0274009 -0.693345
-0.719888 -0.0432561 -0.692741
-0.719526 -0.049606 -0.692692
-0.71361 -0.117736 -0.690579
-0.705315 -0.168741 -0.688518
-0.695369 -0.201936 -0.689698
-0.672312 -0.252556 -0.695853
-0.666447 -0.288935 -0.687289
-0.649296 -0.33386 -0.683339
-0.629981 -0.374943 -0.680104
-0.58691 -0.41409 -0.695749
-0.583014 -0.424701 -0.692621
-0.551165 -0.481859 -0.681197
-0.513017 -0.498266 -0.698959
-0.478565 -0.550675 -0.683909
-0.434581 -0.587429 -0.682691
-0.401638 -0.613247 -0.680158
-0.35979 -0.620996 -0.696358
-0.331523 -0.635458 -0.697342
-0.298049 -0.664892 -0.684898
-0.237871 -0.691898 -0.681685
-0.183986 -0.694247 -0.695824
-0.173373 -0.70374 -0.688979
-0.108337 -0.717814 -0.687755
-0.0725472 -0.716031 -0.694288
-0.0228526 -0.729869 -0.683205
0.0362811 -0.729105 -0.68344
0.0559336 -0.721229 -0.690435
0.112673 -0.72025 -0.684503
0.15437 -0.707162 -0.689994
0.210049 -0.700871 -0.681659
0.228887 -0.690993 -0.685667
0.271399 -0.672932 -0.688117
0.317392 -0.645522 -0.694667
0.38753 -0.612496 -0.688963
0.407348 -0.596779 -0.691319
0.436059 -0.572705 -0.694162
0.467966 -0.554443 -0.688186
0.521098 -0.502 -0.690255
0.530779 -0.484365 -0.695459
0.58851 -0.431362 -0.6838
0.591486 -0.409515 -0.69458
0.613494 -0.375909 -0.694491
0.652324 -0.309483 -0.691877
0.652884 -0.302551 -0.69441
0.687903 -0.232943 -0.687406
0.692779 -0.194037 -0.694556
0.695178 -0.172284 -0.697887
0.710943 -0.106761 -0.695099
0.720967 -0.0817476 -0.688131
0.721781 -0.00124681 -0.69212
0.699285 0.0138023 -0.714709
0.70579 0.0508544 -0.706593
0.693573 0.125202 -0.709423
0.680787 0.14072 -0.718837
0.688891 0.182973 -0.701392
0.664003 0.253226 -0.703546
0.63913 0.295951 -0.709877
0.643616 0.307204 -0.700988
0.59387 0.364946 -0.717031
0.594591 0.389069 -0.703624
0.544008 0.444826 -0.711467
0.523422 0.459574 -0.71751
0.500233 0.508502 -0.700852
0.472736 0.532771 -0.701908
0.42044 0.556429 -0.716671
0.394172 0.58545 -0.708433
0.353627 0.620091 -0.70031
0.318255 0.623317 -0.714276
0.272604 0.647242 -0.711874
0.230188 0.66056 -0.714615
0.17758 0.675402 -0.715749
0.163223 0.685813 -0.709238
0.108686 0.689383 -0.716198
0.0593787 0.704336 -0.707379
0.0200253 0.708304 -0.705624
-0.0373728 0.695385 -0.717665
-0.0777513 0.700724 -0.709183
-0.110795 0.699042 -0.706445
-0.150534 0.690203 -0.707784
-0.182242 0.670673 -0.719017
-0.235741 0.67163 -0.702382
-0.262532 0.647037 -0.715835
-0.323329 0.634024 -0.702476
-0.36544 0.599086 -0.712425
-0.394138 0.59172 -0.703223
-0.448642 0.545894 -0.707616
-0.480218 0.521616 -0.7052
-0.488026 0.515142 -0.704598
-0.533323 0.464331 -0.70708
-0.55634 0.424022 -0.714626
-0.59109 0.395514 -0.702981
-0.608737 0.354444 -0.709795
-0.635884 0.308451 -0.707467
-0.658001 0.271945 -0.702198
-0.660772 0.258706 -0.704593
-0.66484 0.200026 -0.719706
-0.691129 0.141901 -0.708664
-0.696254 0.107721 -0.709667
-0.70354 0.0841847 -0.705652
-0.708287 0.0247639 -0.70549
-0.704479 -0.0290231 -0.709131
-0.70226 -0.0760379 -0.707848
-0.694704 -0.11551 -0.709961
-0.678022 -0.167384 -0.71573
-0.681375 -0.198784 -0.704424
-0.664735 -0.233214 -0.709745
-0.644257 -0.302027 -0.702647
-0.618622 -0.315483 -0.719568
-0.610073 -0.339809 -0.715779
-0.598052 -0.380518 -0.705365
-0.568648 -0.427152 -0.70298
-0.527807 -0.470191 -0.707347
-0.493312 -0.515544 -0.700613
-0.476689 -0.528074 -0.702784
-0.428881 -0.546762 -0.719105
-0.396082 -0.575928 -0.71514
-0.376264 -0.605385 -0.70138
-0.320393 -0.635411 -0.702568
-0.260672 -0.648232 -0.715434
-0.218413 -0.671186 -0.708382
-0.179482 -0.682346 -0.708653
-0.151396 -0.69055 -0.707262
-0.115784 -0.686694 -0.717667
-0.0593894 -0.710275 -0.701415
-0.029298 -0.705007 -0.708595
0.0254594 -0.699868 -0.713819
0.0466663 -0.700779 -0.711851
0.116652 -0.701339 -0.703218
0.143256 -0.680953 -0.718179
0.209208 -0.66307 -0.718728
0.245055 -0.655559 -0.714276
0.292967 -0.645298 -0.705521
0.312797 -0.623117 -0.716856
0.364373 -0.606124 -0.706998
0.407695 -0.578621 -0.706387
0.439008 -0.547829 -0.712148
0.47868 -0.511638 -0.713507
0.502384 -0.498691 -0.706341
0.527743 -0.471924 -0.70624
0.567222 -0.426343 -0.704621
0.588847 -0.377756 -0.714535
0.605106 -0.367196 -0.706409
0.61833 -0.315968 -0.719605
0.644552 -0.2604 -0.718849
0.662633 -0.220892 -0.715629
0.671239 -0.19523 -0.715069
0.680986 -0.173503 -0.711446
0.699322 -0.114589 -0.705562
0.702911 -0.0607462 -0.708679
0.713476 -0.0110607 -0.700592
0.685092 0.027436 -0.72794
0.681783 0.0460064 -0.730106
0.67046 0.120157 -0.732151
0.6601 0.165933 -0.732621
0.657659 0.207404 -0.724202
0.633222 0.247809 -0.733226
0.613195 0.287689 -0.735681
0.608288 0.322773 -0.725123
0.595439 0.33709 -0.729262
0.568605 0.373224 -0.733071
0.549545 0.421149 -0.72155
0.504548 0.453328 -0.734796
0.498672 0.469339 -0.72873
0.445826 0.530065 -0.721297
0.430532 0.526759 -0.732917
0.398677 0.551849 -0.732474
0.358885 0.575778 -0.73463
0.320184 0.612993 -0.722303
0.257952 0.622334 -0.739027
0.24697 0.642753 -0.725172
0.172707 0.658866 -0.732166
0.155502 0.674228 -0.721967
0.111645 0.665465 -0.738033
0.0708441 0.687065 -0.723134
0.00813504 0.682262 -0.731062
-0.0269794 0.680571 -0.732185
-0.0583683 0.686963 -0.724344
-0.114202 0.678566 -0.725607
-0.143187 0.671176 -0.727338
-0.170368 0.661339 -0.730483
-0.217635 0.649226 -0.728794
-0.261958 0.641386 -0.721112
-0.299678 0.619507 -0.725538
-0.337699 0.593935 -0.730205
-0.388454 0.551323 -0.73834
-0.42119 0.541215 -0.727794
-0.448907 0.509957 -0.733776
-0.479583 0.474166 -0.738354
-0.494981 0.460483 -0.736851
-0.529525 0.41633 -0.739102
-0.559922 0.377222 -0.737693
-0.587847 0.367803 -0.720525
-0.597226 0.3135 -0.738268
-0.618413 0.277808 -0.735111
-0.636726 0.239242 -0.733037
-0.655388 0.208789 -0.725861
-0.667043 0.155777 -0.728551
-0.681331 0.098959 -0.725255
-0.681004 0.0526056 -0.730388
-0.673663 0.0238656 -0.738653
-0.682411 -0.0138246 -0.730838
-0.671436 -0.0520224 -0.739234
-0.665709 -0.121771 -0.736209
-0.658781 -0.153918 -0.736421
-0.643516 -0.199131 -0.739077
-0.646857 -0.248545 -0.720973
-0.637408 -0.255844 -0.726811
-0.605123 -0.296633 -0.738807
-0.5861 -0.356428 -0.72763
-0.575667 -0.367024 -0.730685
-0.523291 -0.423425 -0.739512
-0.521379 -0.454049 -0.722498
-0.491553 -0.484661 -0.723519
-0.451049 -0.524454 -0.722152
-0.438874 -0.533247 -0.723213
-0.381222 -0.5766 -0.722635
-0.364365 -0.581671 -0.727253
-0.318295 -0.594192 -0.738664
-0.257457 -0.622027 -0.739458
-0.211983 -0.64234 -0.736521
-0.175006 -0.659987 -0.730609
-0.132387 -0.664682 -0.735304
-0.0967896 -0.666725 -0.738992
-0.0723641 -0.687574 -0.722499
-0.0146781 -0.685389 -0.728029
0.0162587 -0.686138 -0.727289
0.0638902 -0.680744 -0.72973
0.112795 -0.667955 -0.735604
0.163326 -0.655255 -0.73754
0.172291 -0.664499 -0.727157
0.227958 -0.634478 -0.738561
0.261168 -0.625983 -0.734804
0.316069 -0.603963 -0.731661
0.350366 -0.587709 -0.729275
0.377505 -0.571577 -0.728553
0.434493 -0.528035 -0.729654
0.448404 -0.525153 -0.72329
0.466514 -0.489705 -0.736583
0.517799 -0.430883 -0.73907
0.537106 -0.424519 -0.728904
0.570598 -0.371758 -0.732266
0.575109 -0.359936 -0.73464
0.612998 -0.311746 -0.725981
0.616447 -0.281793 -0.735246
0.63932 -0.24756 -0.728
0.660018 -0.199509 -0.724274
0.668659 -0.129563 -0.732194
0.670337 -0.119478 -0.732375
0.675784 -0.0818141 -0.732545
0.676899 -0.0402424 -0.734975
0.664252 0.00966066 -0.747446
0.669188 0.0648188 -0.740261
0.651379 0.117575 -0.749588
0.642753 0.140828 -0.753018
0.633096 0.166632 -0.755925
0.61739 0.218319 -0.755756
0.598165 0.259732 -0.758115
0.594623 0.28921 -0.750187
0.583182 0.333693 -0.74064
0.55088 0.370947 -0.747616
0.522147 0.410007 -0.747835
0.505028 0.417873 -0.755202
0.470472 0.463362 -0.750967
0.452085 0.492194 -0.743884
0.391216 0.534424 -0.749227
0.363534 0.559819 -0.744611
0.349651 0.570061 -0.743488
0.295881 0.594839 -0.74741
0.284761 0.607264 -0.741715
0.21198 0.636315 -0.741733
0.171741 0.647629 -0.742349
0.16472 0.645449 -0.745831
0.091432 0.657503 -0.747884
0.0659038 0.664295 -0.74456
0.0164921 0.670804 -0.741451
-0.0190534 0.652947 -0.757164
-0.067816 0.664656 -0.744065
-0.113921 0.652342 -0.749315
-0.148159 0.63288 -0.759942
-0.180163 0.626219 -0.758545
-0.209877 0.624788 -0.752058
-0.275159 0.606635 -0.745843
-0.307325 0.588223 -0.748027
-0.337031 0.570943 -0.748621
-0.370029 0.54318 -0.75368
-0.417082 0.517168 -0.747382
-0.444033 0.493524 -0.747843
-0.470693 0.454055 -0.756493
-0.4843 0.451782 -0.749231
-0.52862 0.40823 -0.74425
-0.533851 0.384252 -0.753229
-0.566883 0.317951 -0.759967
-0.58483 0.299649 -0.75378
-0.607626 0.254548 -0.752327
-0.630884 0.225181 -0.742481
-0.645429 0.177575 -0.742892
-0.640449 0.145832 -0.754028
-0.650414 0.119725 -0.750085
-0.668914 0.0448146 -0.741988
-0.659333 0.00897396 -0.751798
-0.661299 -0.0398949 -0.74906
-0.655081 -0.0762884 -0.751697
-0.65118 -0.0993458 -0.752392
-0.646144 -0.126677 -0.75263
-0.631855 -0.198477 -0.749244
-0.62497 -0.208446 -0.752305
-0.596432 -0.26317 -0.758295
-0.577392 -0.298952 -0.759767
-0.575206 -0.345304 -0.741554
-0.557898 -0.364055 -0.745798
-0.530557 -0.408056 -0.742966
-0.479176 -0.441537 -0.758574
-0.463626 -0.459737 -0.757425
-0.415908 -0.500863 -0.75905
-0.405823 -0.526072 -0.747366
-0.357498 -0.549589 -0.755081
-0.342429 -0.565863 -0.750028
-0.312431 -0.57869 -0.753329
-0.268054 -0.598473 -0.754968
-0.237714 -0.624413 -0.744044
-0.173918 -0.646485 -0.742839
-0.163128 -0.644865 -0.746685
-0.111008 -0.653639 -0.748621
-0.0615424 -0.654897 -0.753208
-0.00203545 -0.651616 -0.758546
0.00312059 -0.656625 -0.754211
0.0682738 -0.660523 -0.747696
0.0920648 -0.645128 -0.758507
0.161883 -0.651194 -0.741444
0.183852 -0.64177 -0.744533
0.243408 -0.616961 -0.748406
0.280937 -0.604729 -0.745236
0.317978 -0.584627 -0.746392
0.32609 -0.587197 -0.740854
0.366346 -0.5581 -0.744524
0.404079 -0.529945 -0.745573
0.447455 -0.500339 -0.741246
0.468714 -0.469107 -0.748496
0.477251 -0.443386 -0.75871
0.540685 -0.399997 -0.740042
0.560649 -0.370165 -0.740709
0.558984 -0.334375 -0.758769
0.599068 -0.288187 -0.747038
0.602097 -0.263967 -0.753526
0.622566 -0.206489 -0.754834
0.623134 -0.19548 -0.757292
0.633399 -0.157278 -0.757673
0.660432 -0.117263 -0.741673
0.666755 -0.0788584 -0.741093
0.665908 -0.0301111 -0.745426
0.640757 0.022149 -0.767424
0.63186 0.0570664 -0.772979
0.640619 0.0839452 -0.763256
0.615744 0.121406 -0.778537
0.615447 0.196937 -0.763178
0.593663 0.200941 -0.779222
0.575908 0.266574 -0.772831
0.556815 0.305813 -0.772292
0.547851 0.314357 -0.775267
0.529242 0.359917 -0.768351
0.515303 0.38853 -0.763877
0.486525 0.406495 -0.77334
0.445536 0.459795 -0.76817
0.426537 0.48156 -0.765615
0.383789 0.498134 -0.77754
0.363523 0.517119 -0.77488
0.333362 0.555126 -0.76204
0.295974 0.560257 -0.773635
0.249711 0.588024 -0.769333
0.212478 0.605113 -0.767262
0.184503 0.609838 -0.770751
0.149856 0.612168 -0.776398
0.103466 0.636297 -0.764474
0.0410785 0.644558 -0.763451
0.0162908 0.632355 -0.774508
-0.0368416 0.637171 -0.769842
-0.0457643 0.627285 -0.777444
-0.0893808 0.619446 -0.779934
-0.128417 0.614754 -0.778195
-0.18726 0.603737 -0.774878
-0.212955 0.592923 -0.776591
-0.273845 0.588511 -0.760699
-0.293043 0.556273 -0.777616
-0.323146 0.558563 -0.763926
-0.362971 0.529831 -0.766506
-0.395142 0.486114 -0.779459
-0.424353 0.463844 -0.777672
-0.44741 0.470052 -0.760839
-0.475773 0.434866 -0.764547
-0.522875 0.382269 -0.761887
-0.523492 0.351623 -0.776091
-0.544893 0.314134 -0.777439
-0.569675 0.273833 -0.77491
-0.577684 0.243324 -0.77915
-0.610992 0.211277 -0.762923
-0.619108 0.159969 -0.76884
-0.629721 0.141717 -0.763785
-0.617473 0.114975 -0.778144
-0.640789 0.076721 -0.763874
-0.639738 0.0193404 -0.768349
-0.633901 -0.0155532 -0.773258
-0.637862 -0.0621755 -0.767637
-0.63814 -0.0979412 -0.763665
-0.619805 -0.134892 -0.773076
-0.606656 -0.186555 -0.772765
-0.60419 -0.215073 -0.767266
-0.593372 -0.245139 -0.766692
-0.584134 -0.278473 -0.762391
-0.565878 -0.314671 -0.762078
-0.528496 -0.34716 -0.774707
-0.506536 -0.376716 -0.775569
-0.470793 -0.440309 -0.764514
-0.458743 -0.438054 -0.773087
-0.41847 -0.49612 -0.760755
-0.396361 -0.508026 -0.764727
-0.347014 -0.539231 -0.76734
-0.311984 -0.546876 -0.776912
-0.306993 -0.560826 -0.768915
-0.271336 -0.586103 -0.763453
-0.204829 -0.605812 -0.768789
-0.164108 -0.607793 -0.776953
-0.152989 -0.625505 -0.765074
-0.106632 -0.640213 -0.760761
-0.0749815 -0.639354 -0.765248
-9.02906e-05 -0.639241 -0.769006
0.00920763 -0.640575 -0.76784
0.06553 -0.642472 -0.763502
0.114118 -0.63513 -0.763929
0.127535 -0.618943 -0.775012
0.195343 -0.602878 -0.77355
0.197429 -0.601893 -0.773787
0.250916 -0.576355 -0.777725
0.280471 -0.565125 -0.775867
0.339904 -0.538142 -0.771277
0.342878 -0.540039 -0.76863
0.379971 -0.504146 -0.775538
0.402882 -0.485098 -0.776122
0.461487 -0.441947 -0.769229
0.486246 -0.416679 -0.768077
0.503153 -0.372652 -0.779723
0.520521 -0.359602 -0.774431
0.565789 -0.315845 -0.761659
0.553673 -0.291847 -0.779918
0.584343 -0.242193 -0.774523
0.598697 -0.219648 -0.770271
0.603858 -0.187729 -0.77467
0.624929 -0.134759 -0.768963
0.622785 -0.109036 -0.774758
0.623414 -0.0667749 -0.779035
0.644555 -0.0249896 -0.76415
0.616916 0.0382052 -0.786101
0.607414 0.0424773 -0.793249
0.619846 0.083211 -0.780299
0.587371 0.128152 -0.799107
0.575159 0.184545 -0.796954
0.581404 0.212181 -0.785461
0.569118 0.240189 -0.786393
0.550257 0.272383 -0.789319
0.530615 0.300104 -0.792707
0.523902 0.339395 -0.781241
0.475461 0.383156 -0.791915
0.474249 0.39454 -0.787036
0.446141 0.423711 -0.788306
0.412948 0.460585 -0.785707
0.377705 0.486482 -0.787829
0.33474 0.505879 -0.795007
0.315286 0.526511 -0.789545
0.274971 0.539008 -0.796154
0.2338 0.565755 -0.790733
0.208157 0.565256 -0.798221
0.181122 0.580185 -0.794091
0.148637 0.582573 -0.799072
0.0988051 0.604046 -0.790801
0.0706039 0.613164 -0.786794
0.0229325 0.609789 -0.792232
-0.00804584 0.617555 -0.786486
-0.0652616 0.617389 -0.783946
-0.101233 0.611137 -0.785024
-0.133596 0.59129 -0.795317
-0.155089 0.58017 -0.799594
-0.220204 0.584972 -0.780588
-0.240061 0.554113 -0.797076
-0.288084 0.551493 -0.782856
-0.311244 0.512995 -0.799977
-0.358693 0.499622 -0.78849
-0.37097 0.501986 -0.781275
-0.397912 0.479927 -0.781879
-0.443467 0.43606 -0.783064
-0.460935 0.406734 -0.788737
-0.46737 0.38425 -0.796189
-0.490635 0.350205 -0.797893
-0.524841 0.328837 -0.785117
-0.539213 0.274442 -0.796198
-0.558952 0.238729 -0.794091
-0.59017 0.204787 -0.780872
-0.578198 0.184939 -0.79466
-0.601213 0.130949 -0.788286
-0.603864 0.0934232 -0.791594
-0.617071 0.0552593 -0.784965
-0.619706 0.0127434 -0.784731
-0.613295 -0.0115738 -0.789769
-0.60226 -0.0600785 -0.796036
-0.607159 -0.114044 -0.786353
-0.603164 -0.144989 -0.784329
-0.594893 -0.153775 -0.788958
-0.571437 -0.199367 -0.79606
-0.577265 -0.231028 -0.783193
-0.53931 -0.295147 -0.78869
-0.533184 -0.299218 -0.791318
-0.503743 -0.347434 -0.790906
-0.482908 -0.363923 -0.796467
-0.462917 -0.394748 -0.793651
-0.433124 -0.420373 -0.797302
-0.411295 -0.444283 -0.795895
-0.38423 -0.466318 -0.796816
-0.345788 -0.497249 -0.795722
-0.311353 -0.533169 -0.786632
-0.268415 -0.539238 -0.798233
-0.256112 -0.555832 -0.790859
-0.190561 -0.58534 -0.788076
-0.184482 -0.59393 -0.78308
-0.141722 -0.600889 -0.786668
-0.0865406 -0.61302 -0.785314
-0.0453773 -0.616987 -0.785664
-0.00649132 -0.602436 -0.798141
0.0281964 -0.613975 -0.788822
0.0439546 -0.621555 -0.782136
0.111547 -0.590406 -0.799361
0.144293 -0.5989 -0.787717
0.163681 -0.601785 -0.781705
0.218325 -0.564718 -0.795882
0.229653 -0.566915 -0.791117
0.277702 -0.547784 -0.789186
0.291995 -0.530961 -0.795499
0.332965 -0.511869 -0.791912
0.375248 -0.468412 -0.799862
0.402336 -0.466515 -0.787712
0.445551 -0.437161 -0.781264
0.463633 -0.416767 -0.781889
0.472784 -0.391047 -0.789657
0.523062 -0.335463 -0.783499
0.518257 -0.316167 -0.794638
0.560034 -0.276546 -0.780951
0.567425 -0.24837 -0.785074
0.575629 -0.213843 -0.789254
0.582116 -0.17881 -0.793201
0.603044 -0.146144 -0.784207
0.60953 -0.0898912 -0.78765
0.604278 -0.0702722 -0.793669
0.608027 -0.0275627 -0.793437
0.590413 0.0246819 -0.806724
0.595734 0.0647009 -0.800572
0.56767 0.0750429 -0.819829
0.578867 0.113666 -0.807461
0.56097 0.176671 -0.808765
0.560875 0.206445 -0.801748
0.526316 0.240404 -0.815596
0.50717 0.271697 -0.817899
0.510769 0.287042 -0.810384
0.480129 0.348 -0.805215
0.45397 0.371769 -0.809752
0.440335 0.39805 -0.804774
0.41845 0.424872 -0.802735
0.381237 0.450379 -0.807352
0.367742 0.446774 -0.815573
0.347614 0.485783 -0.801984
0.307229 0.492819 -0.814088
0.255613 0.51731 -0.816733
0.245851 0.540842 -0.804393
0.190573 0.546279 -0.815635
0.153537 0.57821 -0.801311
0.116712 0.581098 -0.805421
0.102943 0.572 -0.813768
0.0653653 0.577943 -0.813455
0.00247085 0.59151 -0.806294
-0.0299764 0.594158 -0.80379
-0.0516643 0.574195 -0.817087
-0.109563 0.576097 -0.810005
-0.144065 0.581089 -0.800988
-0.172582 0.551353 -0.816226
-0.208666 0.535813 -0.818146
-0.231653 0.525176 -0.818857
-0.28126 0.528834 -0.800767
-0.293424 0.513831 -0.806151
-0.309563 0.481794 -0.819784
-0.339438 0.463832 -0.818317
-0.370759 0.437606 -0.81917
-0.410474 0.402967 -0.818003
-0.444703 0.388454 -0.807058
-0.459229 0.348532 -0.817089
-0.475238 0.34328 -0.810128
-0.502846 0.303351 -0.809398
-0.530843 0.251014 -0.809442
-0.542251 0.233784 -0.807037
-0.538611 0.206889 -0.816759
-0.569587 0.156005 -0.80699
-0.581876 0.138058 -0.801474
-0.580669 0.106538 -0.807139
-0.595974 0.0501266 -0.801438
-0.588979 0.0347869 -0.8074
-0.579259 -0.0104032 -0.815077
-0.593447 -0.0640957 -0.802317
-0.582479 -0.0741782 -0.809454
-0.573329 -0.140528 -0.807184
-0.56362 -0.152807 -0.811777
-0.556812 -0.184611 -0.809864
-0.537209 -0.251271 -0.805152
-0.519689 -0.274313 -0.80912
-0.488554 -0.301836 -0.818664
-0.484907 -0.341761 -0.805024
-0.450678 -0.354173 -0.819421
-0.450451 -0.374784 -0.810327
-0.397224 -0.41631 -0.817862
-0.380783 -0.458233 -0.803136
-0.358008 -0.463146 -0.810756
-0.343318 -0.491221 -0.800522
-0.305184 -0.490506 -0.816251
-0.279533 -0.530786 -0.80008
-0.241298 -0.544714 -0.803158
-0.193505 -0.564804 -0.802217
-0.159343 -0.562154 -0.811537
-0.113981 -0.565491 -0.81684
-0.0987666 -0.576167 -0.811343
-0.055009 -0.582059 -0.811283
-0.00692676 -0.597125 -0.802118
0.00286654 -0.592685 -0.805429
0.0659957 -0.585029 -0.808322
0.0862798 -0.59047 -0.802435
0.119033 -0.569649 -0.813223
0.154542 -0.572111 -0.805485
0.188921 -0.546151 -0.816105
0.236982 -0.536697 -0.809813
0.26678 -0.524022 -0.808845
0.295874 -0.493188 -0.818061
0.309285 -0.486413 -0.817157
0.360087 -0.468176 -0.806937
0.377024 -0.444887 -0.81236
0.410767 -0.427351 -0.805383
0.448189 -0.378749 -0.809738
0.461365 -0.353582 -0.813709
0.490805 -0.313342 -0.812974
0.49242 -0.309693 -0.813396
0.521169 -0.253634 -0.814894
0.539982 -0.237473 -0.807481
0.564631 -0.197356 -0.8014
0.564036 -0.149541 -0.812096
0.55665 -0.13937 -0.818973
0.578755 -0.0957376 -0.809862
0.580971 -0.058744 -0.811802
0.572276 -0.0198596 -0.81982
0.560303 0.011897 -0.828202
0.545065 0.0352588 -0.837652
0.551884 0.0750717 -0.830535
0.556085 0.106573 -0.824264
0.517528 0.164519 -0.839701
0.520198 0.192237 -0.832129
0.505047 0.210174 -0.837111
0.490075 0.253607 -0.833972
0.4986 0.27708 -0.821355
0.480442 0.310765 -0.820123
0.433112 0.340819 -0.83442
0.424999 0.382814 -0.820262
0.389868 0.390171 -0.834128
0.382804 0.423172 -0.821211
0.346414 0.421514 -0.838047
0.314724 0.451565 -0.834888
0.28173 0.485174 -0.827789
0.242169 0.507678 -0.826812
0.216478 0.504927 -0.835575
0.176007 0.515535 -0.838597
0.15478 0.537328 -0.829049
0.128928 0.545778 -0.827952
0.0994922 0.539245 -0.836251
0.0383387 0.544067 -0.838165
0.00305263 0.567486 -0.823377
-0.0319562 0.57095 -0.820363
-0.036065 0.55584 -0.830507
-0.0777082 0.550531 -0.83119
-0.125523 0.542312 -0.830748
-0.153351 0.535393 -0.830565
-0.179748 0.522573 -0.833431
-0.204494 0.510766 -0.835045
-0.235216 0.492384 -0.837993
-0.281782 0.464506 -0.839544
-0.322644 0.449582 -0.832932
-0.331665 0.450573 -0.828844
-0.378843 0.411653 -0.828866
-0.390222 0.40238 -0.828141
-0.404277 0.364842 -0.83872
-0.440369 0.359444 -0.822724
-0.460884 0.32807 -0.824594
-0.471535 0.268761 -0.839895
-0.506083 0.255694 -0.823711
-0.501308 0.208647 -0.839736
-0.533979 0.191675 -0.823485
-0.548445 0.146494 -0.823255
-0.538822 0.105772 -0.835753
-0.539712 0.078983 -0.838136
-0.570734 0.0400859 -0.820156
-0.561608 0.0121966 -0.827314
-0.548296 -0.0278555 -0.83582
-0.548491 -0.0426241 -0.83507
-0.548253 -0.0748861 -0.832953
-0.543967 -0.124597 -0.829805
-0.535051 -0.160067 -0.829517
-0.517012 -0.193714 -0.83377
-0.50159 -0.223949 -0.835616
-0.490366 -0.268233 -0.829212
-0.487697 -0.286251 -0.82475
-0.458334 -0.307782 -0.833787
-0.422169 -0.342689 -0.839248
-0.417824 -0.380195 -0.825151
-0.39683 -0.380437 -0.835341
-0.362781 -0.426107 -0.828748
-0.341301 -0.45774 -0.820968
-0.304745 -0.469657 -0.828585
-0.291694 -0.471515 -0.832219
-0.266562 -0.504107 -0.821475
-0.22128 -0.517039 -0.826865
-0.175075 -0.51869 -0.836845
-0.157099 -0.544665 -0.823808
-0.105366 -0.546973 -0.830493
-0.0714817 -0.561651 -0.82428
-0.052895 -0.541939 -0.838752
-0.0131208 -0.559609 -0.828653
0.0135717 -0.546629 -0.837265
0.0392905 -0.557005 -0.829579
0.0799161 -0.562533 -0.822903
0.125909 -0.549873 -0.825704
0.153767 -0.550702 -0.820417
0.188426 -0.528572 -0.827712
0.241465 -0.513429 -0.823459
0.243531 -0.49737 -0.832656
0.302014 -0.477486 -0.825103
0.296678 -0.461227 -0.836213
0.322652 -0.44403 -0.835903
0.361593 -0.41963 -0.832563
0.392445 -0.375923 -0.839445
0.432159 -0.361656 -0.826101
0.450645 -0.338898 -0.825873
0.453558 -0.322745 -0.830735
0.480335 -0.304164 -0.822656
0.499192 -0.263188 -0.825554
0.519221 -0.222255 -0.825235
0.511972 -0.192262 -0.83721
0.521612 -0.160609 -0.837929
0.534066 -0.134644 -0.834652
0.55762 -0.0931589 -0.824853
0.56069 -0.0530803 -0.826323
0.561607 -0.0308437 -0.826829
0.52368 0.00449448 -0.851903
0.537017 0.0413579 -0.842557
0.523596 0.0694948 -0.849128
0.525527 0.126568 -0.841309
0.522064 0.146676 -0.8402
0.495139 0.179905 -0.849983
0.481232 0.213002 -0.850321
0.463089 0.246826 -0.851249
0.436422 0.270246 -0.858198
0.434357 0.306103 -0.847133
0.43118 0.323872 -0.842135
0.398882 0.36707 -0.840329
0.382166 0.370768 -0.846452
0.351072 0.40528 -0.844095
0.316542 0.410539 -0.855137
0.295197 0.425797 -0.85531
0.253968 0.454722 -0.853656
0.248577 0.461678 -0.851506
0.198597 0.470301 -0.85987
0.188975 0.4776 -0.858013
0.14545 0.489129 -0.859998
0.114045 0.512626 -0.851004
0.0977174 0.532713 -0.840636
0.0354084 0.531696 -0.846195
0.0107392 0.512304 -0.858737
-0.00142397 0.519876 -0.854241
-0.0556042 0.509973 -0.858391
-0.0722028 0.509124 -0.857659
-0.0984614 0.501131 -0.859752
-0.15105 0.491606 -0.857617
-0.181482 0.489902 -0.852679
-0.20858 0.497645 -0.841929
-0.24361 0.465621 -0.850795
-0.269825 0.454084 -0.849119
-0.295487 0.443337 -0.84625
-0.317226 0.419071 -0.850734
-0.332627 0.397637 -0.855128
-0.371438 0.358224 -0.856568
-0.39416 0.363754 -0.843991
-0.402943 0.327568 -0.854597
-0.426392 0.292057 -0.856092
-0.465998 0.266805 -0.8436
-0.471837 0.25697 -0.843408
-0.464893 0.213152 -0.859326
-0.509947 0.171123 -0.843013
-0.495661 0.13444 -0.858048
-0.51765 0.0987862 -0.84987
-0.530091 0.0999733 -0.842026
-0.519097 0.047186 -0.853412
-0.524632 0.000557202 -0.851329
-0.513177 -0.00332555 -0.858277
-0.53039 -0.0558666 -0.845911
-0.531886 -0.0714056 -0.8438
-0.51619 -0.111627 -0.849168
-0.515986 -0.139009 -0.845242
-0.499517 -0.164621 -0.850519
-0.476855 -0.213721 -0.852603
-0.456382 -0.243501 -0.855817
-0.44155 -0.270855 -0.855378
-0.415481 -0.298667 -0.85917
-0.406188 -0.330092 -0.852086
-0.398727 -0.334005 -0.854083
-0.357098 -0.371076 -0.857195
-0.35535 -0.404618 -0.842621
-0.320335 -0.423729 -0.847254
-0.301935 -0.431136 -0.850269
-0.254464 -0.449988 -0.856013
-0.218306 -0.46322 -0.858935
-0.206356 -0.469172 -0.858659
-0.189276 -0.495722 -0.847605
-0.13324 -0.506523 -0.851869
-0.125613 -0.519422 -0.845235
-0.0963286 -0.514201 -0.852243
-0.0550222 -0.539036 -0.840484
-0.000561327 -0.516652 -0.856195
0.0138697 -0.532984 -0.846012
0.0325228 -0.514501 -0.856873
0.0889844 -0.518823 -0.850238
0.117226 -0.503164 -0.856204
0.138742 -0.516987 -0.844675
0.187924 -0.497592 -0.84681
0.198871 -0.48956 -0.848988
0.235273 -0.469293 -0.851123
0.273792 -0.463682 -0.842637
0.290882 -0.427322 -0.856028
0.316472 -0.413608 -0.853683
0.361093 -0.387154 -0.848365
0.358705 -0.380522 -0.85237
0.385825 -0.334052 -0.85997
0.424698 -0.316448 -0.848229
0.436203 -0.288024 -0.852508
0.460516 -0.27356 -0.844447
0.466499 -0.229109 -0.854335
0.493388 -0.212518 -0.843448
0.498281 -0.182718 -0.847544
0.50156 -0.138307 -0.853996
0.522144 -0.128858 -0.843066
0.509698 -0.0738654 -0.857177
0.524259 -0.0332921 -0.850908
0.535937 -0.0220094 -0.843971
0.492197 0.0273256 -0.870055
0.480902 0.0583288 -0.874832
0.47599 0.071106 -0.876571
0.463052 0.113543 -0.879028
0.491151 0.138115 -0.860055
0.458034 0.16908 -0.872706
0.461352 0.212077 -0.861498
0.447452 0.238414 -0.861943
0.425153 0.243196 -0.871837
0.404594 0.292755 -0.866371
0.393499 0.286587 -0.873514
0.358129 0.329137 -0.873735
0.355786 0.35783 -0.863351
0.320198 0.37314 -0.87077
0.295589 0.393021 -0.870725
0.297749 0.411935 -0.861194
0.240811 0.425367 -0.872395
0.217683 0.423817 -0.8792
0.188444 0.468323 -0.863228
0.179579 0.467598 -0.865507
0.127298 0.484489 -0.865486
0.109732 0.46995 -0.875846
0.0639239 0.479215 -0.875367
0.0519917 0.502837 -0.862816
0.0171484 0.504605 -0.86318
-0.0261599 0.498342 -0.866586
-0.0315046 0.492833 -0.869553
-0.0806067 0.480515 -0.873274
-0.0980989 0.480969 -0.871232
-0.126817 0.481608 -0.867163
-0.159331 0.449833 -0.878785
-0.202538 0.463318 -0.862737
-0.216862 0.453667 -0.864382
-0.256332 0.440956 -0.860146
-0.280884 0.425698 -0.860166
-0.295894 0.392418 -0.870893
-0.329227 0.381238 -0.863867
-0.355203 0.335169 -0.872636
-0.382631 0.32586 -0.864528
-0.392298 0.308848 -0.866439
-0.418185 0.278427 -0.864638
-0.436116 0.250226 -0.864402
-0.439218 0.21061 -0.873345
-0.453735 0.205596 -0.867096
-0.479644 0.165468 -0.86172
-0.474934 0.153482 -0.866534
-0.493424 0.111481 -0.862615
-0.483287 0.0812258 -0.871686
-0.488993 0.0433855 -0.871208
-0.484654 0.0131369 -0.874607
-0.479532 -0.00828712 -0.877486
-0.479362 -0.032205 -0.877026
-0.483139 -0.0759952 -0.872239
-0.494563 -0.121642 -0.860587
-0.482947 -0.135429 -0.865113
-0.473091 -0.169906 -0.864475
-0.46896 -0.200975 -0.86005
-0.446237 -0.233397 -0.863943
-0.428752 -0.255457 -0.866553
-0.397388 -0.266925 -0.877971
-0.401316 -0.300342 -0.865298
-0.373595 -0.325039 -0.868779
-0.354032 -0.333432 -0.873776
-0.325948 -0.358177 -0.87491
-0.300283 -0.385913 -0.872296
-0.271006 -0.398186 -0.876358
-0.241978 -0.419274 -0.875018
-0.226691 -0.435586 -0.871135
-0.198099 -0.46466 -0.863046
-0.173274 -0.472693 -0.864024
-0.135319 -0.457702 -0.878748
-0.0914988 -0.470001 -0.877911
-0.0871598 -0.471822 -0.877375
-0.0553156 -0.486026 -0.872192
-0.0150751 -0.487678 -0.872893
0.0279392 -0.48835 -0.872201
0.031924 -0.483669 -0.874669
0.075783 -0.494086 -0.866104
0.0967506 -0.498552 -0.861444
0.14134 -0.465988 -0.873429
0.166388 -0.463131 -0.870531
0.193794 -0.465589 -0.863522
0.235781 -0.446477 -0.863172
0.243438 -0.423023 -0.872806
0.289494 -0.406916 -0.866379
0.291506 -0.387929 -0.874377
0.334147 -0.373568 -0.865328
0.347859 -0.364183 -0.863924
0.370411 -0.314121 -0.874142
0.391382 -0.309469 -0.866631
0.420807 -0.269223 -0.86628
0.424129 -0.267391 -0.865226
0.424414 -0.214021 -0.879811
0.447919 -0.208622 -0.869393
0.456139 -0.175936 -0.872344
0.461769 -0.14544 -0.874995
0.479334 -0.0937545 -0.87261
0.491047 -0.0686556 -0.868424
0.483798 -0.0592208 -0.873174
0.506908 -0.000712406 -0.862
0.439294 0.0226217 -0.898059
0.464943 0.034222 -0.884679
0.453222 0.069746 -0.888665
0.454519 0.0908643 -0.88609
0.446488 0.133867 -0.884719
0.428809 0.155903 -0.889841
0.412749 0.186469 -0.891553
0.401975 0.206992 -0.891948
0.404721 0.224723 -0.886398
0.365759 0.263536 -0.892619
0.371278 0.283561 -0.884164
0.347305 0.31958 -0.881616
0.327656 0.327738 -0.886131
0.288195 0.346824 -0.892556
0.272781 0.362257 -0.891269
0.247092 0.361939 -0.898858
0.239061 0.386118 -0.890933
0.19238 0.407493 -0.892715
0.167879 0.419407 -0.89214
0.149797 0.446008 -0.882405
0.123302 0.435863 -0.891527
0.110108 0.446747 -0.887859
0.0580776 0.457495 -0.887313
0.0368904 0.445654 -0.894445
0.0192105 0.472451 -0.881148
-0.00752777 0.451079 -0.892452
-0.0477201 0.444154 -0.894679
-0.0602323 0.467223 -0.882086
-0.108574 0.454493 -0.884109
-0.140137 0.453606 -0.880115
-0.167052 0.425934 -0.889198
-0.171781 0.433345 -0.884705
-0.223218 0.413944 -0.88251
-0.227634 0.372382 -0.89973
-0.240199 0.372941 -0.896225
-0.275112 0.359893 -0.89151
-0.305556 0.326679 -0.89438
-0.31277 0.329535 -0.890832
-0.32391 0.294221 -0.899175
-0.343362 0.283467 -0.895405
-0.371596 0.256211 -0.892341
-0.397482 0.240122 -0.885635
-0.418467 0.217008 -0.881925
-0.420016 0.188004 -0.887829
-0.441712 0.162255 -0.882362
-0.454234 0.129555 -0.881412
-0.449539 0.106258 -0.886918
-0.446941 0.0716114 -0.891693
-0.466475 0.0419921 -0.883537
-0.467337 0.000349441 -0.884079
-0.448411 -0.0219783 -0.893557
-0.459008 -0.0403905 -0.887514
-0.438676 -0.0813213 -0.894958
-0.444349 -0.1054 -0.889632
-0.451592 -0.123597 -0.883622
-0.417808 -0.159323 -0.894457
-0.418602 -0.165875 -0.892893
-0.41497 -0.219412 -0.882982
-0.39552 -0.235274 -0.887812
-0.391387 -0.2663 -0.880852
-0.35287 -0.26023 -0.898757
-0.358067 -0.307133 -0.881735
-0.321123 -0.328115 -0.888381
-0.292831 -0.336214 -0.895103
-0.274802 -0.376196 -0.884851
-0.244459 -0.380981 -0.89168
-0.216105 -0.390747 -0.894771
-0.210559 -0.412378 -0.886346
-0.167487 -0.407887 -0.897539
-0.170601 -0.435525 -0.883863
-0.120071 -0.4576 -0.881014
-0.0910725 -0.432289 -0.897125
-0.0821446 -0.431405 -0.898411
-0.0485558 -0.455862 -0.888725
-0.0148683 -0.453919 -0.890919
0.0134714 -0.443047 -0.896397
0.0540601 -0.449106 -0.891841
0.0561276 -0.441811 -0.89535
0.0994273 -0.441853 -0.89156
0.134748 -0.431194 -0.892141
0.146322 -0.432595 -0.889636
0.170072 -0.412764 -0.894819
0.201391 -0.423943 -0.883014
0.216409 -0.39203 -0.894136
0.257397 -0.359001 -0.897143
0.298615 -0.36525 -0.881715
0.302355 -0.324337 -0.896318
0.324262 -0.314767 -0.892063
0.320072 -0.299081 -0.898947
0.373783 -0.290189 -0.880952
0.382333 -0.247126 -0.890365
0.370447 -0.231506 -0.899541
0.399644 -0.195952 -0.895482
0.429999 -0.190841 -0.882429
0.439664 -0.151195 -0.885345
0.451907 -0.123657 -0.883453
0.430966 -0.0846382 -0.89839
0.429766 -0.0800189 -0.899388
0.435539 -0.0363105 -0.899437
0.471301 -0.0050644 -0.881958
0.411222 0.00474506 -0.911523
0.402508 0.035296 -0.914736
0.426018 0.0630891 -0.902512
0.422541 0.082613 -0.902571
0.405495 0.108911 -0.907586
0.383746 0.149086 -0.911324
0.397913 0.173478 -0.900872
0.384067 0.205449 -0.900158
0.369705 0.207177 -0.905757
0.353822 0.242252 -0.903396
0.317302 0.241132 -0.917156
0.312449 0.285288 -0.906083
0.304876 0.296321 -0.905121
0.268942 0.294741 -0.91695
0.232839 0.318174 -0.918995
0.243098 0.358962 -0.901138
0.212278 0.374548 -0.902581
0.18508 0.349803 -0.918359
0.182087 0.389907 -0.902672
0.142657 0.397256 -0.906552
0.108839 0.412455 -0.904453
0.0972851 0.407052 -0.908209
0.0674033 0.41188 -0.908742
0.0346048 0.431019 -0.901679
0.0193348 0.412056 -0.910953
-0.0108041 0.423993 -0.905601
-0.0407788 0.408328 -0.911924
-0.0763393 0.421402 -0.903655
-0.0754221 0.39133 -0.917154
-0.128683 0.41298 -0.901603
-0.124676 0.372761 -0.919514
-0.15787 0.391194 -0.906667
-0.173872 0.354845 -0.918615
-0.204176 0.367863 -0.907188
-0.242068 0.347343 -0.905956
-0.252443 0.324587 -0.911546
-0.281147 0.299854 -0.911616
-0.275371 0.29258 -0.915733
-0.320438 0.269507 -0.908122
-0.325973 0.238283 -0.914857
-0.348821 0.252667 -0.902487
-0.365075 0.209131 -0.907185
-0.365691 0.185115 -0.912142
-0.377199 0.16422 -0.911456
-0.388419 0.135636 -0.911446
-0.407964 0.117192 -0.905445
-0.392533 0.0850108 -0.915801
-0.403664 0.0582057 -0.913054
-0.395465 0.0496542 -0.917138
-0.401288 0.0213337 -0.915703
-0.405652 -0.00923996 -0.913981
-0.405519 -0.0326807 -0.913502
-0.416094 -0.0648786 -0.907004
-0.411636 -0.0989981 -0.905955
-0.408365 -0.105962 -0.906648
-0.381672 -0.13624 -0.914202
-0.402134 -0.161246 -0.90127
-0.379681 -0.198611 -0.903546
-0.349312 -0.214063 -0.912227
-0.360591 -0.234718 -0.902708
-0.332428 -0.254783 -0.908062
-0.308358 -0.261464 -0.914632
-0.310063 -0.305587 -0.900265
-0.254858 -0.303003 -0.918279
-0.252723 -0.334364 -0.907927
-0.253492 -0.353337 -0.900497
-0.215884 -0.375733 -0.901232
-0.192765 -0.373196 -0.907506
-0.166143 -0.395682 -0.903234
-0.145427 -0.403468 -0.903363
-0.103743 -0.391589 -0.914273
-0.0792835 -0.386162 -0.919017
-0.0707753 -0.387968 -0.918951
-0.0376967 -0.415187 -0.908955
-0.0104124 -0.397446 -0.917566
0.00713996 -0.403729 -0.914851
0.036289 -0.390668 -0.919816
0.0522089 -0.41243 -0.909492
0.0842046 -0.3895 -0.917169
0.105078 -0.383642 -0.917484
0.156569 -0.402897 -0.901754
0.158691 -0.390076 -0.907005
0.191403 -0.362846 -0.91198
0.215461 -0.35107 -0.911222
0.240499 -0.343145 -0.907971
0.25235 -0.342229 -0.905096
0.265312 -0.312398 -0.91215
0.281742 -0.2798 -0.917787
0.313544 -0.282182 -0.906677
0.335842 -0.270374 -0.902279
0.332127 -0.214998 -0.918405
0.362447 -0.201903 -0.909872
0.381443 -0.180425 -0.906613
0.360181 -0.164289 -0.918302
0.398485 -0.135333 -0.907135
0.400092 -0.117753 -0.908879
0.398024 -0.0812752 -0.913767
0.40452 -0.0696218 -0.911875
0.410965 -0.0478588 -0.910394
0.433894 -0.00222824 -0.900961
0.34743 0.00661242 -0.937683
0.388771 0.0365429 -0.92061
0.360966 0.0669758 -0.930171
0.378418 0.0931767 -0.920933
0.36673 0.0981159 -0.925139
0.368928 0.12443 -0.921091
0.358474 0.156415 -0.920343
0.347154 0.172723 -0.921765
0.32133 0.176741 -0.930328
0.297549 0.212579 -0.930739
0.27179 0.224295 -0.935853
0.282832 0.248752 -0.926352
0.243297 0.256211 -0.935501
0.237291 0.262258 -0.935368
0.232139 0.311884 -0.921325
0.205562 0.321693 -0.924261
0.201958 0.329264 -0.922387
0.165537 0.331442 -0.92884
0.152819 0.352454 -0.923267
0.126751 0.346611 -0.929406
0.0998729 0.345779 -0.932986
0.0753911 0.354661 -0.93195
0.0562878 0.384373 -0.92146
0.0346314 0.389713 -0.920285
0.01009 0.357699 -0.933783
-0.0111824 0.36928 -0.929251
-0.0408445 0.363647 -0.930641
-0.0495783 0.339615 -0.939257
-0.0830975 0.34793 -0.933831
-0.106718 0.346291 -0.932037
-0.130457 0.341033 -0.930955
-0.145151 0.325991 -0.934163
-0.169013 0.350548 -0.921168
-0.186587 0.328473 -0.9259
-0.207548 0.294708 -0.932776
-0.217012 0.287597 -0.932842
-0.245309 0.287599 -0.925803
-0.240913 0.245092 -0.93909
-0.265594 0.220598 -0.938508
-0.273147 0.208744 -0.939051
-0.302062 0.207646 -0.930399
-0.32774 0.206491 -0.921926
-0.335978 0.183082 -0.923905
-0.347315 0.140379 -0.927182
-0.334988 0.109753 -0.935808
-0.34482 0.103993 -0.932891
-0.344045 0.0802539 -0.935517
-0.38805 0.0531331 -0.920105
-0.365323 0.0391646 -0.930057
-0.388711 0.0209848 -0.921121
-0.388453 -0.0170502 -0.921311
-0.369751 -0.0315716 -0.928594
-0.340727 -0.0514279 -0.938755
-0.345843 -0.0856339 -0.934376
-0.35888 -0.108468 -0.92706
-0.343872 -0.132982 -0.929553
-0.355218 -0.15568 -0.921729
-0.309773 -0.152521 -0.938498
-0.312978 -0.179406 -0.932662
-0.318562 -0.214264 -0.923368
-0.295788 -0.238897 -0.924899
-0.27249 -0.226024 -0.935234
-0.266971 -0.276081 -0.923312
-0.228052 -0.26426 -0.937101
-0.230253 -0.313222 -0.921345
-0.204206 -0.286054 -0.936201
-0.189334 -0.30852 -0.932185
-0.166165 -0.32851 -0.929769
-0.149531 -0.328818 -0.93248
-0.11549 -0.3537 -0.928202
-0.0888664 -0.336245 -0.937572
-0.0662122 -0.343002 -0.936998
-0.0514922 -0.365889 -0.929233
-0.0453964 -0.377407 -0.924934
-0.0142976 -0.388885 -0.921175
0.00699593 -0.366566 -0.930366
0.030611 -0.379802 -0.924561
0.0563851 -0.372071 -0.92649
0.0773381 -0.381956 -0.920939
0.0994376 -0.376064 -0.921243
0.139799 -0.361547 -0.921813
0.155332 -0.34693 -0.924939
0.180596 -0.341846 -0.92224
0.198327 -0.32428 -0.924937
0.196334 -0.282857 -0.938853
0.224201 -0.277295 -0.93426
0.242653 -0.273053 -0.930893
0.24156 -0.257031 -0.935726
0.274385 -0.256595 -0.926754
0.30435 -0.239266 -0.922021
0.307714 -0.205766 -0.928963
0.309507 -0.178447 -0.934003
0.30405 -0.16654 -0.937986
0.360845 -0.14428 -0.921398
0.356504 -0.13774 -0.924085
0.372191 -0.113352 -0.921208
0.381223 -0.0900716 -0.920085
0.335871 -0.0615323 -0.939896
0.387528 -0.0429893 -0.920855
0.34921 -0.000320166 -0.937044
0.286682 0.0101852 -0.957972
0.291727 0.0265268 -0.956134
0.329608 0.054181 -0.942562
0.307858 0.0681195 -0.948991
0.292113 0.0858746 -0.95252
0.274703 0.0906738 -0.957244
0.303865 0.132911 -0.943399
0.267803 0.127445 -0.955008
0.260967 0.16151 -0.951741
0.277923 0.196407 -0.94031
0.228357 0.167582 -0.959046
0.245844 0.229603 -0.941724
0.231618 0.219732 -0.947666
0.224126 0.251852 -0.941455
0.190991 0.260288 -0.946452
0.183084 0.259503 -0.948229
0.163995 0.266417 -0.949804
0.135129 0.27015 -0.953289
0.122701 0.265674 -0.956223
0.115237 0.31616 -0.941681
0.0761047 0.292308 -0.953291
0.06156 0.305417 -0.950227
0.0533682 0.30712 -0.950173
0.0342004 0.28447 -0.958075
0.00170831 0.336618 -0.94164
-0.000619667 0.287636 -0.95774
-0.034666 0.27818 -0.959903
-0.0417818 0.2775 -0.959817
-0.0646947 0.33193 -0.941083
-0.0795833 0.282061 -0.95609
-0.0903816 0.265837 -0.959772
-0.121241 0.2812 -0.95196
-0.139344 0.283876 -0.948682
-0.166276 0.291716 -0.941942
-0.174351 0.267943 -0.947528
-0.177505 0.242998 -0.953648
-0.216061 0.254795 -0.942548
-0.205669 0.202182 -0.957508
-0.239863 0.204104 -0.949109
-0.235718 0.181956 -0.954636
-0.2493 0.166719 -0.953968
-0.266868 0.153476 -0.951434
-0.273727 0.138119 -0.951839
-0.310666 0.131065 -0.94144
-0.288828 0.0963302 -0.952522
-0.327091 0.0924776 -0.940457
-0.328491 0.0708124 -0.941849
-0.331929 0.0520051 -0.94187
-0.286027 0.0326592 -0.957665
-0.294881 0.0137277 -0.955435
-0.319821 -0.00912866 -0.947434
-0.322697 -0.0304859 -0.946011
-0.300276 -0.0413116 -0.952957
-0.327309 -0.0646419 -0.942704
-0.269927 -0.0852168 -0.959102
-0.284603 -0.105575 -0.952814
-0.289565 -0.119141 -0.949715
-0.290147 -0.138266 -0.946941
-0.254676 -0.148871 -0.955499
-0.247749 -0.166128 -0.954475
-0.253237 -0.202792 -0.94591
-0.256844 -0.223245 -0.940315
-0.23191 -0.220793 -0.947348
-0.192337 -0.211392 -0.95829
-0.195679 -0.258458 -0.945997
-0.172371 -0.259612 -0.950205
-0.164046 -0.290174 -0.942809
-0.145176 -0.298154 -0.943413
-0.114697 -0.256421 -0.959736
-0.0897865 -0.272941 -0.957832
-0.0918387 -0.318522 -0.943456
-0.0638539 -0.299655 -0.951908
-0.0382822 -0.294469 -0.954894
-0.0276312 -0.296208 -0.954724
-0.0108757 -0.320371 -0.94723
0.0117774 -0.285139 -0.958414
0.0400005 -0.327137 -0.94413
0.0545351 -0.334267 -0.940899
0.0833821 -0.328219 -0.940914
0.0786759 -0.280954 -0.956491
0.0997514 -0.286362 -0.952915
0.140715 -0.30977 -0.940341
0.145346 -0.299651 -0.942912
0.150465 -0.268381 -0.951489
0.175179 -0.258954 -0.949871
0.209354 -0.264149 -0.941486
0.187472 -0.208128 -0.959967
0.231649 -0.224679 -0.946498
0.223383 -0.208164 -0.952244
0.263693 -0.192252 -0.945254
0.253669 -0.179872 -0.95042
0.264011 -0.151084 -0.952613
0.299697 -0.14856 -0.942397
0.29466 -0.134931 -0.946028
0.283441 -0.109635 -0.952702
0.297978 -0.0910382 -0.950222
0.307171 -0.0680906 -0.949215
0.33365 -0.050561 -0.94134
0.297707 -0.0254737 -0.954317
0.29696 -0.0147632 -0.954776
0.272162 0.0139165 -0.962151
0.210354 0.0146402 -0.977516
0.242138 0.0336959 -0.969657
0.209313 0.0412251 -0.976979
0.25271 0.0667782 -0.965235
0.257278 0.0978226 -0.961373
0.236311 0.105794 -0.965901
0.216464 0.10884 -0.970205
0.215097 0.132961 -0.967499
0.199682 0.126899 -0.971609
0.16519 0.121475 -0.978752
0.195535 0.170181 -0.965818
0.166468 0.163522 -0.972393
0.187109 0.207863 -0.960095
0.119582 0.159134 -0.979988
0.139463 0.194692 -0.970899
0.122447 0.204712 -0.971133
0.127073 0.232511 -0.964257
0.0984732 0.211393 -0.972428
0.0855096 0.256742 -0.96269
0.0795026 0.255747 -0.963469
0.0504986 0.223836 -0.973318
0.0367775 0.2051 -0.97805
0.0227009 0.208926 -0.977668
0.00674297 0.200084 -0.979756
-0.0150784 0.259035 -0.96575
-0.0236288 0.237471 -0.971107
-0.0349797 0.254365 -0.966476
-0.0425964 0.200697 -0.978727
-0.0739321 0.230704 -0.970211
-0.0858933 0.261249 -0.961442
-0.112086 0.25337 -0.960854
-0.107859 0.219974 -0.969525
-0.111677 0.20022 -0.973365
-0.148613 0.209972 -0.966347
-0.123031 0.1588 -0.979615
-0.186823 0.208013 -0.960119
-0.147153 0.139788 -0.979186
-0.164848 0.139141 -0.976455
-0.214063 0.159453 -0.963718
-0.213187 0.145403 -0.966131
-0.194857 0.109336 -0.974719
-0.242728 0.132257 -0.961036
-0.257895 0.10233 -0.960739
-0.237217 0.0846049 -0.967765
-0.198012 0.0580627 -0.978478
-0.230483 0.0444683 -0.97206
-0.269214 0.0499678 -0.961783
-0.263486 0.0206128 -0.964443
-0.267463 0.00774131 -0.963537
-0.238236 -0.00235934 -0.971204
-0.276571 -0.0273039 -0.960605
-0.213565 -0.0405947 -0.976085
-0.238787 -0.0553799 -0.969492
-0.20571 -0.06202 -0.976646
-0.235217 -0.0787015 -0.968751
-0.250545 -0.102371 -0.962677
-0.251898 -0.122144 -0.960015
-0.230589 -0.127479 -0.964664
-0.22033 -0.152207 -0.963477
-0.190238 -0.140009 -0.971703
-0.209288 -0.177346 -0.961638
-0.198826 -0.190773 -0.961288
-0.175192 -0.193423 -0.965347
-0.126776 -0.162261 -0.97857
-0.121214 -0.178089 -0.97652
-0.114984 -0.204754 -0.972036
-0.126847 -0.245361 -0.961097
-0.0844755 -0.196206 -0.976917
-0.0911439 -0.262339 -0.960662
-0.0748603 -0.255909 -0.963798
-0.0495061 -0.2105 -0.97634
-0.0316153 -0.229125 -0.972883
-0.0170802 -0.241749 -0.970189
-0.00423349 -0.212703 -0.977108
0.0067307 -0.2431 -0.969978
0.0217619 -0.218382 -0.975621
0.0413628 -0.228888 -0.972574
0.0538143 -0.215425 -0.975036
0.078489 -0.259165 -0.962639
0.0934336 -0.237821 -0.966805
0.113283 -0.243033 -0.963381
0.0949245 -0.194572 -0.976284
0.131964 -0.218103 -0.966962
0.12336 -0.184466 -0.975066
0.162266 -0.197577 -0.966764
0.137408 -0.162839 -0.977038
0.184508 -0.184599 -0.965339
0.153551 -0.130706 -0.979458
0.203057 -0.150903 -0.967469
0.206894 -0.133639 -0.969193
0.22234 -0.136429 -0.965376
0.222645 -0.106526 -0.969062
0.249428 -0.113473 -0.961722
0.204098 -0.0775908 -0.975871
0.200245 -0.0632077 -0.977705
0.259455 -0.0656745 -0.96352
0.27256 -0.0346029 -0.961516
0.258894 -0.0257215 -0.965563
0.230356 -0.0140354 -0.973005
0.0880249 0.00547404 -0.996103
0.0316374 0.00330588 -0.999494
0.182459 0.0258702 -0.982873
0.179771 0.0356596 -0.983062
0.189288 0.0553357 -0.980361
0.0442041 0.0158446 -0.998897
0.142964 0.0588358 -0.987978
0.09334 0.0501894 -0.994368
0.159717 0.098629 -0.982223
0.157067 0.112685 -0.981138
0.152061 0.124868 -0.980452
0.148817 0.126272 -0.98077
0.00866356 0.00825351 -0.999928
0.120537 0.13288 -0.983775
0.0808033 0.108883 -0.990765
0.0946679 0.136393 -0.986121
0.043229 0.0708502 -0.99655
0.0850362 0.179864 -0.980009
0.0575019 0.125322 -0.990448
0.0639575 0.179077 -0.981754
0.0346808 0.107484 -0.993602
0.0480925 0.191242 -0.980364
0.0245179 0.17124 -0.984924
0.00541281 0.052259 -0.998619
0.00010316 0.135164 -0.990823
-0.00606166 0.171061 -0.985242
-0.00431763 0.0527184 -0.9986
-0.0178071 0.0957506 -0.995246
-0.0374802 0.147862 -0.988298
-0.054524 0.169504 -0.98402
-0.0310456 0.0861127 -0.995802
-0.0675162 0.152912 -0.985931
-0.0407318 0.0825262 -0.995756
-0.0638385 0.110943 -0.991774
-0.0844503 0.121349 -0.989011
-0.0459001 0.0620978 -0.997014
-0.0731026 0.0791428 -0.994179
-0.128762 0.1216 -0.984192
-0.092142 0.0850085 -0.992111
-0.128295 0.104158 -0.986251
-0.154246 0.103771 -0.982568
-0.0909485 0.0572507 -0.994209
-0.0628522 0.0321606 -0.997505
-0.0224811 0.0100825 -0.999696
-0.141389 0.0540791 -0.988476
-0.165547 0.0513405 -0.984865
-0.108062 0.0238713 -0.993858
-0.0810171 0.0129327 -0.996629
-0.0803403 0.00800124 -0.996735
-0.091265 0.00408953 -0.995818
-0.189083 -0.00762681 -0.981931
-0.151163 -0.0172226 -0.988359
-0.137685 -0.0229396 -0.99021
-0.0958498 -0.0190097 -0.995214
-0.0930711 -0.0243539 -0.995362
-0.159485 -0.0619477 -0.985255
-0.107272 -0.0502579 -0.992959
-0.0378211 -0.0193402 -0.999097
-0.125652 -0.0790747 -0.988918
-0.0702685 -0.0501793 -0.996265
-0.150257 -0.109985 -0.98251
-0.140408 -0.128868 -0.981671
-0.0873089 -0.0919851 -0.991925
-0.110869 -0.124694 -0.985982
-0.102892 -0.125817 -0.986703
-0.0597392 -0.0870976 -0.994407
-0.0546834 -0.0878453 -0.994632
-0.0814966 -0.153736 -0.984745
-0.0355974 -0.0898755 -0.995317
-0.0537807 -0.150386 -0.987163
-0.0521221 -0.184629 -0.981425
-0.0308079 -0.147329 -0.988608
-0.0207981 -0.125453 -0.991882
-0.0213038 -0.172113 -0.984847
-0.00971203 -0.16348 -0.986499
0.00170026 -0.0600585 -0.998193
0.0234357 -0.186149 -0.982242
0.0288557 -0.167929 -0.985377
0.0134618 -0.0590402 -0.998165
0.0486171 -0.178004 -0.982828
0.0420442 -0.108947 -0.993158
0.0444726 -0.10476 -0.993503
0.0949045 -0.174904 -0.980001
0.0634109 -0.103246 -0.992633
0.0351446 -0.0484377 -0.998208
0.106155 -0.128622 -0.985996
0.0837046 -0.0922208 -0.992214
0.0757907 -0.0786559 -0.994017
0.143867 -0.119885 -0.982308
0.136418 -0.106638 -0.984895
0.00569732 -0.00405547 -0.999976
0.0560161 -0.0350039 -0.997816
0.161994 -0.0869525 -0.982953
0.0769962 -0.0359018 -0.996385
0.0990678 -0.0324602 -0.994551
0.159864 -0.047695 -0.985986
0.0826955 -0.0159127 -0.996448
0.0938843 -0.0129261 -0.995499
0.0669012 -0.00672043 -0.997737
0.128051 -0.00163148 -0.991766
